name,cat
AUG | Torque (Factory New),gun_FN
AUG | Wings (Factory New),gun_FN
SSG 08 | Acid Fade (Factory New),gun_FN
PP-Bizon | Osiris (Factory New),gun_FN
USP-S | Guardian (Factory New),gun_FN
Operation Phoenix Weapon Case,agent
CZ75-Auto | Tigris (Factory New),gun_FN
Five-SeveN | Fowl Play (Factory New),gun_FN
P2000 | Silver (Factory New),gun_FN
USP-S | Caiman (Factory New),gun_FN
MP7 | Ocean Foam (Factory New),gun_FN
Five-SeveN | Urban Hazard (Factory New),gun_FN
MAC-10 | Malachite (Factory New),gun_FN
MP7 | Asterion (Factory New),gun_FN
Sawed-Off | Bamboo Shadow (Factory New),gun_FN
Five-SeveN | Kami (Factory New),gun_FN
CZ75-Auto | Tread Plate (Factory New),gun_FN
P2000 | Red FragCam (Factory New),gun_FN
Five-SeveN | Silver Quartz (Factory New),gun_FN
Tec-9 | Blue Titanium (Factory New),gun_FN
Dual Berettas | Moon in Libra (Factory New),gun_FN
P90 | Elite Build (Factory New),gun_FN
Dual Berettas | Dualing Dragons (Factory New),gun_FN
Tec-9 | Bamboo Forest (Factory New),gun_FN
P90 | Module (Factory New),gun_FN
Glock-18 | Grinder (Factory New),gun_FN
P2000 | Amber Fade (Factory New),gun_FN
M4A1-S | VariCamo (Factory New),gun_FN
Five-SeveN | Nightshade (Factory New),gun_FN
FAMAS | Neural Net (Factory New),gun_FN
Sawed-Off | Highwayman (Factory New),gun_FN
Tec-9 | Ossified (Factory New),gun_FN
MP7 | Special Delivery (Factory New),gun_FN
P250 | Franklin (Factory New),gun_FN
AWP | Worm God (Factory New),gun_FN
MAC-10 | Tatter (Factory New),gun_FN
P250 | Splash (Factory New),gun_FN
UMP-45 | Minotaur's Labyrinth (Factory New),gun_FN
AWP | Electric Hive (Factory New),gun_FN
M4A4 | Desert-Strike (Factory New),gun_FN
P250 | Cartel (Factory New),gun_FN
P90 | Asiimov (Factory New),gun_FN
USP-S | Orion (Factory New),gun_FN
M4A4 | X-Ray (Factory New),gun_FN
Desert Eagle | Hypnotic (Factory New),gun_FN
Tec-9 | Avalanche (Factory New),gun_FN
Desert Eagle | Cobalt Disruption (Factory New),gun_FN
Tec-9 | Toxic (Factory New),gun_FN
Glock-18 | Candy Apple (Factory New),gun_FN
Dual Berettas | Hemoglobin (Factory New),gun_FN
MAC-10 | Curse (Factory New),gun_FN
USP-S | Blood Tiger (Factory New),gun_FN
Tec-9 | Red Quartz (Factory New),gun_FN
CZ75-Auto | Pole Position (Factory New),gun_FN
SSG 08 | Abyss (Factory New),gun_FN
MP9 | Rose Iron (Factory New),gun_FN
P90 | Blind Spot (Factory New),gun_FN
MP7 | Urban Hazard (Factory New),gun_FN
Sawed-Off | The Kraken (Factory New),gun_FN
Glock-18 | Fade (Factory New),gun_FN
AWP | Lightning Strike (Factory New),gun_FN
Desert Eagle | Blaze (Factory New),gun_FN
MP9 | Hypnotic (Factory New),gun_FN
M4A4 | 龍王 (Dragon King) (Factory New),gun_FN
MAC-10 | Fade (Factory New),gun_FN
AWP | Graphite (Factory New),gun_FN
M4A1-S | Guardian (Factory New),gun_FN
Dual Berettas | Cobalt Quartz (Factory New),gun_FN
MP9 | Ruby Poison Dart (Factory New),gun_FN
Sawed-Off | Yorick (Factory New),gun_FN
P2000 | Imperial (Factory New),gun_FN
Desert Eagle | Meteorite (Factory New),gun_FN
USP-S | Torque (Factory New),gun_FN
FAMAS | Survivor Z (Factory New),gun_FN
Glock-18 | Wraiths (Factory New),gun_FN
P90 | Teardown (Factory New),gun_FN
SCAR-20 | Outbreak (Factory New),gun_FN
P2000 | Pulse (Factory New),gun_FN
MP9 | Dart (Factory New),gun_FN
P250 | Valence (Factory New),gun_FN
Glock-18 | Bunsen Burner (Factory New),gun_FN
P250 | Steel Disruption (Factory New),gun_FN
Glock-18 | Catacombs (Factory New),gun_FN
MP7 | Anodized Navy (Factory New),gun_FN
UMP-45 | Carbon Fiber (Factory New),gun_FN
SSG 08 | Blue Spruce (Factory New),gun_FN
SG 553 | Army Sheen (Factory New),gun_FN
SCAR-20 | Carbon Fiber (Factory New),gun_FN
MAC-10 | Rangeen (Factory New),gun_FN
MP7 | Armor Core (Factory New),gun_FN
MAC-10 | Candy Apple (Factory New),gun_FN
Sawed-Off | Serenity (Factory New),gun_FN
UMP-45 | Labyrinth (Factory New),gun_FN
SG 553 | Anodized Navy (Factory New),gun_FN
Galil AR | Kami (Factory New),gun_FN
MAG-7 | Cobalt Core (Factory New),gun_FN
SCAR-20 | Grotto (Factory New),gun_FN
Five-SeveN | Copper Galaxy (Factory New),gun_FN
Desert Eagle | Corinthian (Factory New),gun_FN
Tec-9 | Titanium Bit (Factory New),gun_FN
P2000 | Corticera (Factory New),gun_FN
P250 | Mint Kimono (Factory New),gun_FN
MP9 | Hot Rod (Factory New),gun_FN
MP7 | Nemesis (Factory New),gun_FN
Five-SeveN | Case Hardened (Factory New),gun_FN
MAG-7 | Memento (Factory New),gun_FN
FAMAS | Hexane (Factory New),gun_FN
Sawed-Off | Mosaico (Factory New),gun_FN
G3SG1 | Azure Zebra (Factory New),gun_FN
Galil AR | Blue Titanium (Factory New),gun_FN
M4A1-S | Blood Tiger (Factory New),gun_FN
Five-SeveN | Anodized Gunmetal (Factory New),gun_FN
Sawed-Off | Origami (Factory New),gun_FN
Desert Eagle | Bronze Deco (Factory New),gun_FN
CZ75-Auto | Hexane (Factory New),gun_FN
Sawed-Off | Amber Fade (Factory New),gun_FN
MAG-7 | Metallic DDPAT (Factory New),gun_FN
G3SG1 | VariCamo (Factory New),gun_FN
M4A1-S | Boreal Forest (Factory New),gun_FN
UMP-45 | Riot (Factory New),gun_FN
AUG | Contractor (Factory New),gun_FN
Dual Berettas | Briar (Factory New),gun_FN
M4A4 | Evil Daimyo (Factory New),gun_FN
Tec-9 | Army Mesh (Factory New),gun_FN
XM1014 | Teclu Burner (Factory New),gun_FN
R8 Revolver | Fade (Factory New),gun_FN
Tec-9 | VariCamo (Factory New),gun_FN
MAC-10 | Silver (Factory New),gun_FN
Galil AR | VariCamo (Factory New),gun_FN
P250 | Metallic DDPAT (Factory New),gun_FN
XM1014 | Quicksilver (Factory New),gun_FN
Dual Berettas | Stained (Factory New),gun_FN
P2000 | Ivory (Factory New),gun_FN
AK-47 | Blue Laminate (Factory New),gun_FN
AUG | Radiation Hazard (Factory New),gun_FN
XM1014 | Bone Machine (Factory New),gun_FN
FAMAS | Pulse (Factory New),gun_FN
AWP | Sun in Leo (Factory New),gun_FN
MAG-7 | Heat (Factory New),gun_FN
Tec-9 | Isaac (Factory New),gun_FN
SCAR-20 | Contractor (Factory New),gun_FN
SCAR-20 | Army Sheen (Factory New),gun_FN
PP-Bizon | Urban Dashed (Factory New),gun_FN
XM1014 | CaliCamo (Factory New),gun_FN
FAMAS | Teardown (Factory New),gun_FN
Desert Eagle | Urban Rubble (Factory New),gun_FN
AK-47 | Elite Build (Factory New),gun_FN
CZ75-Auto | Army Sheen (Factory New),gun_FN
Desert Eagle | Naga (Factory New),gun_FN
FAMAS | Afterimage (Factory New),gun_FN
Glock-18 | Steel Disruption (Factory New),gun_FN
XM1014 | Scumbria (Factory New),gun_FN
Desert Eagle | Conspiracy (Factory New),gun_FN
P250 | Wingshot (Factory New),gun_FN
Five-SeveN | Hot Shot (Factory New),gun_FN
P2000 | Handgun (Factory New),gun_FN
USP-S | Stainless (Factory New),gun_FN
AK-47 | Emerald Pinstripe (Factory New),gun_FN
P250 | Undertow (Factory New),gun_FN
G3SG1 | Green Apple (Factory New),gun_FN
PP-Bizon | Antique (Factory New),gun_FN
P250 | Muertos (Factory New),gun_FN
Desert Eagle | Sunset Storm 弐 (Factory New),gun_FN
Desert Eagle | Sunset Storm 壱 (Factory New),gun_FN
Desert Eagle | Golden Koi (Factory New),gun_FN
Desert Eagle | Pilot (Factory New),gun_FN
Desert Eagle | Crimson Web (Factory New),gun_FN
Desert Eagle | Midnight Storm (Factory New),gun_FN
PP-Bizon | Fuel Rod (Factory New),gun_FN
Dual Berettas | Colony (Factory New),gun_FN
CZ75-Auto | Tuxedo (Factory New),gun_FN
P90 | Ash Wood (Factory New),gun_FN
Galil AR | Tuxedo (Factory New),gun_FN
Five-SeveN | Retrobution (Factory New),gun_FN
PP-Bizon | Night Ops (Factory New),gun_FN
Dual Berettas | Contractor (Factory New),gun_FN
MAG-7 | Heaven Guard (Factory New),gun_FN
FAMAS | Djinn (Factory New),gun_FN
Galil AR | Rocket Pop (Factory New),gun_FN
Dual Berettas | Urban Shock (Factory New),gun_FN
M4A1-S | Nitro (Factory New),gun_FN
Glock-18 | Dragon Tattoo (Factory New),gun_FN
AWP | Hyper Beast (Factory New),gun_FN
XM1014 | Blue Steel (Factory New),gun_FN
P2000 | Ocean Foam (Factory New),gun_FN
AK-47 | Vulcan (Factory New),gun_FN
M4A1-S | Cyrex (Factory New),gun_FN
M4A4 | Griffin (Factory New),gun_FN
P250 | Hive (Factory New),gun_FN
CZ75-Auto | Twist (Factory New),gun_FN
SG 553 | Waves Perforated (Factory New),gun_FN
AUG | Daedalus (Factory New),gun_FN
G3SG1 | Polar Camo (Factory New),gun_FN
P250 | Gunsmoke (Factory New),gun_FN
M4A1-S | Atomic Alloy (Factory New),gun_FN
AK-47 | Cartel (Factory New),gun_FN
Glock-18 | Water Elemental (Factory New),gun_FN
P90 | Cold Blooded (Factory New),gun_FN
P2000 | Pathfinder (Factory New),gun_FN
P2000 | Fire Elemental (Factory New),gun_FN
CZ75-Auto | The Fuschia Is Now (Factory New),gun_FN
Galil AR | Orange DDPAT (Factory New),gun_FN
M4A1-S | Hyper Beast (Factory New),gun_FN
MAC-10 | Neon Rider (Factory New),gun_FN
SG 553 | Damascus Steel (Factory New),gun_FN
M4A1-S | Icarus Fell (Factory New),gun_FN
PP-Bizon | Water Sigil (Factory New),gun_FN
Dual Berettas | Anodized Navy (Factory New),gun_FN
USP-S | Night Ops (Factory New),gun_FN
PP-Bizon | Brass (Factory New),gun_FN
P250 | Boreal Forest (Factory New),gun_FN
Galil AR | Hunting Blind (Factory New),gun_FN
MP7 | Olive Plaid (Factory New),gun_FN
Sawed-Off | Full Stop (Factory New),gun_FN
XM1014 | Blue Spruce (Factory New),gun_FN
Tec-9 | Groundwater (Factory New),gun_FN
P250 | Sand Dune (Factory New),gun_FN
MP9 | Deadly Poison (Factory New),gun_FN
UMP-45 | Corporal (Factory New),gun_FN
Dual Berettas | Panther (Factory New),gun_FN
XM1014 | Heaven Guard (Factory New),gun_FN
SG 553 | Cyrex (Factory New),gun_FN
P2000 | Scorpion (Factory New),gun_FN
M4A4 | Desert Storm (Factory New),gun_FN
AK-47 | Jaguar (Factory New),gun_FN
M4A1-S | Hot Rod (Factory New),gun_FN
AUG | Bengal Tiger (Factory New),gun_FN
M4A1-S | Knight (Factory New),gun_FN
AUG | Chameleon (Factory New),gun_FN
AWP | BOOM (Factory New),gun_FN
AWP | Corticera (Factory New),gun_FN
AK-47 | Aquamarine Revenge (Factory New),gun_FN
R8 Revolver | Amber Fade (Factory New),gun_FN
AK-47 | Frontside Misty (Factory New),gun_FN
SSG 08 | Blood in the Water (Factory New),gun_FN
G3SG1 | Orange Kimono (Factory New),gun_FN
AUG | Ricochet (Factory New),gun_FN
SCAR-20 | Green Marine (Factory New),gun_FN
CZ75-Auto | Poison Dart (Factory New),gun_FN
AK-47 | Jungle Spray (Factory New),gun_FN
G3SG1 | Desert Storm (Factory New),gun_FN
R8 Revolver | Crimson Web (Factory New),gun_FN
SCAR-20 | Crimson Web (Factory New),gun_FN
AUG | Anodized Navy (Factory New),gun_FN
M4A1-S | Basilisk (Factory New),gun_FN
P250 | Crimson Kimono (Factory New),gun_FN
P90 | Desert Warfare (Factory New),gun_FN
CZ75-Auto | Emerald (Factory New),gun_FN
PP-Bizon | Chemical Green (Factory New),gun_FN
USP-S | Para Green (Factory New),gun_FN
Tec-9 | Hades (Factory New),gun_FN
Dual Berettas | Marina (Factory New),gun_FN
MP7 | Full Stop (Factory New),gun_FN
Tec-9 | Urban DDPAT (Factory New),gun_FN
SG 553 | Traveler (Factory New),gun_FN
Sawed-Off | Forest DDPAT (Factory New),gun_FN
UMP-45 | Blaze (Factory New),gun_FN
G3SG1 | Murky (Factory New),gun_FN
AK-47 | Case Hardened (Factory New),gun_FN
AWP | Dragon Lore (Factory New),gun_FN
Glock-18 | Twilight Galaxy (Factory New),gun_FN
MAG-7 | Silver (Factory New),gun_FN
FAMAS | Cyanospatter (Factory New),gun_FN
PP-Bizon | Bamboo Print (Factory New),gun_FN
P250 | Contamination (Factory New),gun_FN
MP9 | Orange Peel (Factory New),gun_FN
PP-Bizon | Sand Dashed (Factory New),gun_FN
FAMAS | Colony (Factory New),gun_FN
AUG | Storm (Factory New),gun_FN
XM1014 | Tranquility (Factory New),gun_FN
AWP | Safari Mesh (Factory New),gun_FN
SSG 08 | Detour (Factory New),gun_FN
FAMAS | Styx (Factory New),gun_FN
AUG | Hot Rod (Factory New),gun_FN
Galil AR | Aqua Terrace (Factory New),gun_FN
UMP-45 | Urban DDPAT (Factory New),gun_FN
CZ75-Auto | Crimson Web (Factory New),gun_FN
Galil AR | Cerberus (Factory New),gun_FN
Glock-18 | Night (Factory New),gun_FN
SG 553 | Fallout Warning (Factory New),gun_FN
SCAR-20 | Sand Mesh (Factory New),gun_FN
Galil AR | Urban Rubble (Factory New),gun_FN
SG 553 | Tiger Moth (Factory New),gun_FN
SG 553 | Ultraviolet (Factory New),gun_FN
SG 553 | Gator Mesh (Factory New),gun_FN
MP9 | Sand Dashed (Factory New),gun_FN
Sawed-Off | Snake Camo (Factory New),gun_FN
P90 | Sand Spray (Factory New),gun_FN
MAC-10 | Heat (Factory New),gun_FN
MP9 | Green Plaid (Factory New),gun_FN
Desert Eagle | Heirloom (Factory New),gun_FN
M4A4 | Daybreak (Factory New),gun_FN
USP-S | Overgrowth (Factory New),gun_FN
MAC-10 | Nuclear Garden (Factory New),gun_FN
PP-Bizon | Carbon Fiber (Factory New),gun_FN
G3SG1 | Chronos (Factory New),gun_FN
Galil AR | Stone Cold (Factory New),gun_FN
UMP-45 | Gunsmoke (Factory New),gun_FN
MAG-7 | Seabird (Factory New),gun_FN
CZ75-Auto | Green Plaid (Factory New),gun_FN
Glock-18 | Brass (Factory New),gun_FN
P90 | Leather (Factory New),gun_FN
USP-S | Road Rash (Factory New),gun_FN
AK-47 | Black Laminate (Factory New),gun_FN
USP-S | Serum (Factory New),gun_FN
SG 553 | Bulldozer (Factory New),gun_FN
CZ75-Auto | Chalice (Factory New),gun_FN
P90 | Emerald Dragon (Factory New),gun_FN
AK-47 | Red Laminate (Factory New),gun_FN
P90 | Shapewood (Factory New),gun_FN
P2000 | Coach Class (Factory New),gun_FN
M4A4 | Jungle Tiger (Factory New),gun_FN
Five-SeveN | Candy Apple (Factory New),gun_FN
PP-Bizon | Rust Coat (Factory New),gun_FN
Glock-18 | Blue Fissure (Factory New),gun_FN
P2000 | Chainmail (Factory New),gun_FN
Desert Eagle | Hand Cannon (Factory New),gun_FN
Tec-9 | Terrace (Factory New),gun_FN
USP-S | Royal Blue (Factory New),gun_FN
M4A4 | Bullet Rain (Factory New),gun_FN
SCAR-20 | Emerald (Factory New),gun_FN
SSG 08 | Big Iron (Factory New),gun_FN
P250 | Mehndi (Factory New),gun_FN
Galil AR | Sage Spray (Factory New),gun_FN
G3SG1 | Flux (Factory New),gun_FN
M4A4 | Faded Zebra (Factory New),gun_FN
MP7 | Forest DDPAT (Factory New),gun_FN
M4A4 | Radiation Hazard (Factory New),gun_FN
AK-47 | Jet Set (Factory New),gun_FN
MAG-7 | Hazard (Factory New),gun_FN
M4A1-S | Golden Coil (Factory New),gun_FN
SCAR-20 | Cyrex (Factory New),gun_FN
SCAR-20 | Cardiac (Factory New),gun_FN
MAC-10 | Ultraviolet (Factory New),gun_FN
AK-47 | Safari Mesh (Factory New),gun_FN
P90 | Scorched (Factory New),gun_FN
PP-Bizon | Cobalt Halftone (Factory New),gun_FN
SG 553 | Wave Spray (Factory New),gun_FN
USP-S | Kill Confirmed (Factory New),gun_FN
Five-SeveN | Orange Peel (Factory New),gun_FN
G3SG1 | Arctic Camo (Factory New),gun_FN
CZ75-Auto | Victoria (Factory New),gun_FN
USP-S | Forest Leaves (Factory New),gun_FN
AK-47 | Point Disarray (Factory New),gun_FN
SCAR-20 | Storm (Factory New),gun_FN
MAC-10 | Palm (Factory New),gun_FN
MP9 | Dark Age (Factory New),gun_FN
Glock-18 | Reactor (Factory New),gun_FN
MP9 | Pandora's Box (Factory New),gun_FN
Five-SeveN | Forest Night (Factory New),gun_FN
UMP-45 | Delusion (Factory New),gun_FN
CZ75-Auto | Yellow Jacket (Factory New),gun_FN
USP-S | Business Class (Factory New),gun_FN
M4A4 | Howl (Factory New),gun_FN
Sawed-Off | First Class (Factory New),gun_FN
MP7 | Army Recon (Factory New),gun_FN
M4A4 | Urban DDPAT (Factory New),gun_FN
MAC-10 | Amber Fade (Factory New),gun_FN
Dual Berettas | Black Limba (Factory New),gun_FN
G3SG1 | Jungle Dashed (Factory New),gun_FN
M4A4 | Royal Paladin (Factory New),gun_FN
R8 Revolver | Bone Mask (Factory New),gun_FN
AK-47 | Hydroponic (Factory New),gun_FN
MAG-7 | Firestarter (Factory New),gun_FN
UMP-45 | Scorched (Factory New),gun_FN
MAC-10 | Indigo (Factory New),gun_FN
AUG | Condemned (Factory New),gun_FN
PP-Bizon | Blue Streak (Factory New),gun_FN
Desert Eagle | Urban DDPAT (Factory New),gun_FN
M4A4 | Poseidon (Factory New),gun_FN
Five-SeveN | Jungle (Factory New),gun_FN
M4A4 | Zirka (Factory New),gun_FN
UMP-45 | Bone Pile (Factory New),gun_FN
Desert Eagle | Mudder (Factory New),gun_FN
P250 | Facets (Factory New),gun_FN
P250 | Bone Mask (Factory New),gun_FN
MAG-7 | Storm (Factory New),gun_FN
Dual Berettas | Retribution (Factory New),gun_FN
MAG-7 | Counter Terrace (Factory New),gun_FN
P2000 | Granite Marbleized (Factory New),gun_FN
AK-47 | Fire Serpent (Factory New),gun_FN
Galil AR | Shattered (Factory New),gun_FN
PP-Bizon | Irradiated Alert (Factory New),gun_FN
Operation Phoenix Pass,agent
MP7 | Groundwater (Factory New),gun_FN
G3SG1 | Safari Mesh (Factory New),gun_FN
AUG | Akihabara Accept (Factory New),gun_FN
MP9 | Setting Sun (Factory New),gun_FN
AWP | Pink DDPAT (Factory New),gun_FN
M4A1-S | Master Piece (Factory New),gun_FN
MP7 | Whiteout (Factory New),gun_FN
AK-47 | Predator (Factory New),gun_FN
Five-SeveN | Neon Kimono (Factory New),gun_FN
Five-SeveN | Triumvirate (Factory New),gun_FN
XM1014 | Red Leather (Factory New),gun_FN
Sawed-Off | Sage Spray (Factory New),gun_FN
MAC-10 | Lapis Gator (Factory New),gun_FN
M4A4 | The Battlestar (Factory New),gun_FN
MP9 | Storm (Factory New),gun_FN
MP7 | Impire (Factory New),gun_FN
UMP-45 | Indigo (Factory New),gun_FN
USP-S | Lead Conduit (Factory New),gun_FN
Tec-9 | Jambiya (Factory New),gun_FN
PP-Bizon | Photic Zone (Factory New),gun_FN
MAG-7 | Praetorian (Factory New),gun_FN
SSG 08 | Necropos (Factory New),gun_FN
XM1014 | Urban Perforated (Factory New),gun_FN
Galil AR | Winter Forest (Factory New),gun_FN
MAC-10 | Urban DDPAT (Factory New),gun_FN
P250 | Whiteout (Factory New),gun_FN
AK-47 | Fuel Injector (Factory New),gun_FN
Sawed-Off | Rust Coat (Factory New),gun_FN
Dual Berettas | Duelist (Factory New),gun_FN
Dual Berettas | Cartel (Factory New),gun_FN
FAMAS | Valence (Factory New),gun_FN
G3SG1 | Demeter (Factory New),gun_FN
SSG 08 | Mayan Dreams (Factory New),gun_FN
Desert Eagle | Kumicho Dragon (Factory New),gun_FN
XM1014 | Grassland (Factory New),gun_FN
Glock-18 | Royal Legion (Factory New),gun_FN
AWP | Elite Build (Factory New),gun_FN
P90 | Storm (Factory New),gun_FN
Desert Eagle | Night (Factory New),gun_FN
SSG 08 | Sand Dune (Factory New),gun_FN
P90 | Fallout Warning (Factory New),gun_FN
MAC-10 | Commuter (Factory New),gun_FN
XM1014 | VariCamo Blue (Factory New),gun_FN
P2000 | Grassland (Factory New),gun_FN
SSG 08 | Lichen Dashed (Factory New),gun_FN
SG 553 | Tornado (Factory New),gun_FN
MP7 | Gunsmoke (Factory New),gun_FN
MAG-7 | Bulldozer (Factory New),gun_FN
MAC-10 | Graven (Factory New),gun_FN
AK-47 | Wasteland Rebel (Factory New),gun_FN
M4A4 | Tornado (Factory New),gun_FN
AK-47 | First Class (Factory New),gun_FN
Five-SeveN | Nitro (Factory New),gun_FN
P2000 | Oceanic (Factory New),gun_FN
SG 553 | Aerial (Factory New),gun_FN
MP9 | Bioleak (Factory New),gun_FN
Dual Berettas | Ventilators (Factory New),gun_FN
G3SG1 | Orange Crash (Factory New),gun_FN
Galil AR | Firefight (Factory New),gun_FN
MAC-10 | Tornado (Factory New),gun_FN
SG 553 | Atlas (Factory New),gun_FN
Tec-9 | Ice Cap (Factory New),gun_FN
Glock-18 | Sand Dune (Factory New),gun_FN
Tec-9 | Re-Entry (Factory New),gun_FN
MAC-10 | Carnivore (Factory New),gun_FN
AWP | Medusa (Factory New),gun_FN
PP-Bizon | Harvester (Factory New),gun_FN
Five-SeveN | Violent Daimyo (Factory New),gun_FN
P2000 | Imperial Dragon (Factory New),gun_FN
SCAR-20 | Bloodsport (Factory New),gun_FN
Sawed-Off | Copper (Factory New),gun_FN
XM1014 | Black Tie (Factory New),gun_FN
AWP | Phobos (Factory New),gun_FN
XM1014 | Fallout Warning (Factory New),gun_FN
MP7 | Orange Peel (Factory New),gun_FN
SSG 08 | Ghost Crusader (Factory New),gun_FN
R8 Revolver | Reboot (Factory New),gun_FN
UMP-45 | Primal Saber (Factory New),gun_FN
UMP-45 | Fallout Warning (Factory New),gun_FN
P90 | Chopper (Factory New),gun_FN
M4A1-S | Chantico's Fire (Factory New),gun_FN
AUG | Fleet Flock (Factory New),gun_FN
Sawed-Off | Limelight (Factory New),gun_FN
CZ75-Auto | Red Astor (Factory New),gun_FN
Tec-9 | Brass (Factory New),gun_FN
Tec-9 | Tornado (Factory New),gun_FN
Five-SeveN | Contractor (Factory New),gun_FN
M4A4 | Modern Hunter (Factory New),gun_FN
PP-Bizon | Judgement of Anubis (Factory New),gun_FN
SCAR-20 | Palm (Factory New),gun_FN
M4A4 | Desolate Space (Factory New),gun_FN
SSG 08 | Tropical Storm (Factory New),gun_FN
Glock-18 | Wasteland Rebel (Factory New),gun_FN
AUG | Colony (Factory New),gun_FN
AUG | Aristocrat (Factory New),gun_FN
P90 | Virus (Factory New),gun_FN
M4A1-S | Mecha Industries (Factory New),gun_FN
Sawed-Off | Orange DDPAT (Factory New),gun_FN
P250 | Nuclear Threat (Factory New),gun_FN
Tec-9 | Nuclear Threat (Factory New),gun_FN
UMP-45 | Caramel (Factory New),gun_FN
P90 | Grim (Factory New),gun_FN
UMP-45 | Briefing (Factory New),gun_FN
XM1014 | Slipstream (Factory New),gun_FN
G3SG1 | Ventilator (Factory New),gun_FN
MAG-7 | Petroglyph (Factory New),gun_FN
Tec-9 | Fuel Injector (Factory New),gun_FN
CZ75-Auto | Imprint (Factory New),gun_FN
MAG-7 | Sand Dune (Factory New),gun_FN
Five-SeveN | Scumbria (Factory New),gun_FN
AK-47 | Neon Revolution (Factory New),gun_FN
P250 | Iron Clad (Factory New),gun_FN
MAG-7 | Irradiated Alert (Factory New),gun_FN
SG 553 | Triarch (Factory New),gun_FN
Desert Eagle | Directive (Factory New),gun_FN
SCAR-20 | Powercore (Factory New),gun_FN
Glock-18 | Weasel (Factory New),gun_FN
AUG | Syd Mead (Factory New),gun_FN
Phoenix Pin,agent
Sealed Graffiti | Phoenix,agent
CZ75-Auto | Nitro (Factory New),gun_FN
XM1014 | Jungle (Factory New),gun_FN
Glock-18 | Groundwater (Factory New),gun_FN
MP9 | Airlock (Factory New),gun_FN
Valeria Phoenix Pin,agent
Sawed-Off | Irradiated Alert (Factory New),gun_FN
MP9 | Dry Season (Factory New),gun_FN
FAMAS | Roll Cage (Factory New),gun_FN
P250 | Modern Hunter (Factory New),gun_FN
FAMAS | Spitfire (Factory New),gun_FN
P90 | Glacier Mesh (Factory New),gun_FN
CZ75-Auto | Polymer (Factory New),gun_FN
G3SG1 | Stinger (Factory New),gun_FN
MP9 | Sand Scale (Factory New),gun_FN
MAG-7 | Sonar (Factory New),gun_FN
G3SG1 | Contractor (Factory New),gun_FN
USP-S | Cyrex (Factory New),gun_FN
Galil AR | Black Sand (Factory New),gun_FN
MP7 | Cirrus (Factory New),gun_FN
MP9 | Bulldozer (Factory New),gun_FN
P90 | Shallow Grave (Factory New),gun_FN
★ Hand Wraps | Slaughter (Field-Tested),gloves_MW_FT
M4A1-S | Flashback (Factory New),gun_FN
M4A4 | Buzz Kill (Factory New),gun_FN
FAMAS | Mecha Industries (Factory New),gun_FN
★ Bloodhound Gloves | Snakebite (Field-Tested),gloves_MW_FT
★ Bloodhound Gloves | Charred (Field-Tested),gloves_MW_FT
Sawed-Off | Wasteland Princess (Factory New),gun_FN
P2000 | Turf (Factory New),gun_FN
Glock-18 | Ironwork (Factory New),gun_FN
Dual Berettas | Royal Consorts (Factory New),gun_FN
★ Moto Gloves | Spearmint (Minimal Wear),gloves_MW_FT
★ Driver Gloves | Convoy (Minimal Wear),gloves_MW_FT
★ Sport Gloves | Arid (Field-Tested),gloves_MW_FT
★ Bloodhound Gloves | Guerrilla (Field-Tested),gloves_MW_FT
★ Moto Gloves | Cool Mint (Field-Tested),gloves_MW_FT
★ Driver Gloves | Diamondback (Field-Tested),gloves_MW_FT
SSG 08 | Dragonfire (Factory New),gun_FN
★ Driver Gloves | Lunar Weave (Field-Tested),gloves_MW_FT
★ Sport Gloves | Hedge Maze (Minimal Wear),gloves_MW_FT
★ Specialist Gloves | Crimson Kimono (Field-Tested),gloves_MW_FT
★ Bloodhound Gloves | Bronzed (Field-Tested),gloves_MW_FT
★ Hand Wraps | Badlands (Field-Tested),gloves_MW_FT
★ Driver Gloves | Crimson Weave (Minimal Wear),gloves_MW_FT
★ Moto Gloves | Boom! (Field-Tested),gloves_MW_FT
AWP | Snake Camo (Factory New),gun_FN
★ Moto Gloves | Eclipse (Field-Tested),gloves_MW_FT
SCAR-20 | Splash Jam (Factory New),gun_FN
PP-Bizon | Modern Hunter (Factory New),gun_FN
XM1014 | Blaze Orange (Factory New),gun_FN
★ Specialist Gloves | Forest DDPAT (Field-Tested),gloves_MW_FT
★ Bloodhound Gloves | Charred (Minimal Wear),gloves_MW_FT
★ Bloodhound Gloves | Guerrilla (Minimal Wear),gloves_MW_FT
★ Moto Gloves | Spearmint (Field-Tested),gloves_MW_FT
★ Hand Wraps | Badlands (Minimal Wear),gloves_MW_FT
★ Hand Wraps | Spruce DDPAT (Minimal Wear),gloves_MW_FT
★ Moto Gloves | Cool Mint (Minimal Wear),gloves_MW_FT
★ Bloodhound Gloves | Snakebite (Minimal Wear),gloves_MW_FT
★ Hand Wraps | Spruce DDPAT (Field-Tested),gloves_MW_FT
★ Sport Gloves | Pandora's Box (Field-Tested),gloves_MW_FT
★ Sport Gloves | Pandora's Box (Minimal Wear),gloves_MW_FT
★ Driver Gloves | Lunar Weave (Minimal Wear),gloves_MW_FT
★ Driver Gloves | Crimson Weave (Field-Tested),gloves_MW_FT
★ Specialist Gloves | Foundation (Field-Tested),gloves_MW_FT
★ Driver Gloves | Diamondback (Minimal Wear),gloves_MW_FT
★ Hand Wraps | Leather (Field-Tested),gloves_MW_FT
★ Hand Wraps | Slaughter (Minimal Wear),gloves_MW_FT
★ Specialist Gloves | Foundation (Minimal Wear),gloves_MW_FT
★ Sport Gloves | Superconductor (Minimal Wear),gloves_MW_FT
★ Specialist Gloves | Emerald Web (Minimal Wear),gloves_MW_FT
★ Sport Gloves | Hedge Maze (Field-Tested),gloves_MW_FT
★ Specialist Gloves | Crimson Kimono (Minimal Wear),gloves_MW_FT
★ Driver Gloves | Convoy (Field-Tested),gloves_MW_FT
★ Specialist Gloves | Forest DDPAT (Minimal Wear),gloves_MW_FT
★ Hand Wraps | Leather (Minimal Wear),gloves_MW_FT
★ Specialist Gloves | Emerald Web (Field-Tested),gloves_MW_FT
FAMAS | Contrast Spray (Factory New),gun_FN
★ Moto Gloves | Boom! (Minimal Wear),gloves_MW_FT
★ Sport Gloves | Superconductor (Field-Tested),gloves_MW_FT
★ Moto Gloves | Eclipse (Minimal Wear),gloves_MW_FT
P250 | Ripple (Factory New),gun_FN
MAC-10 | Last Dive (Factory New),gun_FN
CZ75-Auto | Xiangliu (Factory New),gun_FN
Desert Eagle | Oxide Blaze (Factory New),gun_FN
★ Bloodhound Gloves | Bronzed (Minimal Wear),gloves_MW_FT
Five-SeveN | Capillary (Factory New),gun_FN
AWP | Fever Dream (Factory New),gun_FN
PP-Bizon | Jungle Slipstream (Factory New),gun_FN
MP7 | Akoben (Factory New),gun_FN
USP-S | Neo-Noir (Factory New),gun_FN
AK-47 | Bloodsport (Factory New),gun_FN
UMP-45 | Scaffold (Factory New),gun_FN
SCAR-20 | Blueprint (Factory New),gun_FN
Galil AR | Crimson Tsunami (Factory New),gun_FN
XM1014 | Seasons (Factory New),gun_FN
★ Sport Gloves | Arid (Minimal Wear),gloves_MW_FT
M4A1-S | Decimator (Factory New),gun_FN
Sawed-Off | Zander (Factory New),gun_FN
P2000 | Grassland Leaves (Factory New),gun_FN
FAMAS | Macabre (Factory New),gun_FN
Galil AR | Sugar Rush (Factory New),gun_FN
AK-47 | Orbit Mk01 (Factory New),gun_FN
Tec-9 | Cut Out (Factory New),gun_FN
UMP-45 | Metal Flowers (Factory New),gun_FN
P250 | Red Rock (Factory New),gun_FN
SSG 08 | Death's Head (Factory New),gun_FN
AWP | Oni Taiji (Factory New),gun_FN
M4A4 | Hellfire (Factory New),gun_FN
MAC-10 | Aloha (Factory New),gun_FN
M4A1-S | Briefing (Factory New),gun_FN
MAG-7 | Hard Water (Factory New),gun_FN
P90 | Death Grip (Factory New),gun_FN
Five-SeveN | Hyper Beast (Factory New),gun_FN
P2000 | Woodsman (Factory New),gun_FN
USP-S | Blueprint (Factory New),gun_FN
Dual Berettas | Cobra Strike (Factory New),gun_FN
G3SG1 | Hunter (Factory New),gun_FN
UMP-45 | Exposure (Factory New),gun_FN
MAC-10 | Oceanic (Factory New),gun_FN
CZ75-Auto | Tacticat (Factory New),gun_FN
SCAR-20 | Jungle Slipstream (Factory New),gun_FN
Tec-9 | Cracked Opal (Factory New),gun_FN
AK-47 | The Empress (Factory New),gun_FN
XM1014 | Ziggy (Factory New),gun_FN
Glock-18 | Off World (Factory New),gun_FN
AUG | Triqua (Factory New),gun_FN
M4A1-S | Leaded Glass (Factory New),gun_FN
MP9 | Goo (Factory New),gun_FN
SG 553 | Phantom (Factory New),gun_FN
Sawed-Off | Morris (Factory New),gun_FN
PP-Bizon | High Roller (Factory New),gun_FN
P250 | See Ya Later (Factory New),gun_FN
R8 Revolver | Llama Cannon (Factory New),gun_FN
Glock-18 | Moonrise (Factory New),gun_FN
XM1014 | Oxide Blaze (Factory New),gun_FN
SG 553 | Aloha (Factory New),gun_FN
★ Sport Gloves | Vice (Field-Tested),gloves_MW_FT
AWP | Mortis (Factory New),gun_FN
Five-SeveN | Flame Test (Factory New),gun_FN
MP9 | Black Sand (Factory New),gun_FN
UMP-45 | Arctic Wolf (Factory New),gun_FN
MP7 | Bloodsport (Factory New),gun_FN
P2000 | Urban Hazard (Factory New),gun_FN
AUG | Stymphalian (Factory New),gun_FN
★ Sport Gloves | Bronze Morph (Field-Tested),gloves_MW_FT
★ Moto Gloves | Polygon (Field-Tested),gloves_MW_FT
★ Moto Gloves | Polygon (Minimal Wear),gloves_MW_FT
★ Specialist Gloves | Mogul (Field-Tested),gloves_MW_FT
★ Hydra Gloves | Case Hardened (Field-Tested),gloves_MW_FT
M4A4 | Neo-Noir (Factory New),gun_FN
PP-Bizon | Night Riot (Factory New),gun_FN
MAG-7 | SWAG-7 (Factory New),gun_FN
★ Specialist Gloves | Mogul (Minimal Wear),gloves_MW_FT
★ Hydra Gloves | Rattler (Minimal Wear),gloves_MW_FT
★ Hydra Gloves | Mangrove (Field-Tested),gloves_MW_FT
★ Hand Wraps | Overprint (Field-Tested),gloves_MW_FT
R8 Revolver | Grip (Factory New),gun_FN
USP-S | Cortex (Factory New),gun_FN
★ Driver Gloves | Imperial Plaid (Minimal Wear),gloves_MW_FT
★ Hydra Gloves | Emerald (Field-Tested),gloves_MW_FT
★ Hand Wraps | Duct Tape (Minimal Wear),gloves_MW_FT
★ Hand Wraps | Overprint (Minimal Wear),gloves_MW_FT
★ Driver Gloves | King Snake (Field-Tested),gloves_MW_FT
★ Hand Wraps | Arboreal (Field-Tested),gloves_MW_FT
★ Hydra Gloves | Rattler (Field-Tested),gloves_MW_FT
★ Hand Wraps | Cobalt Skulls (Minimal Wear),gloves_MW_FT
★ Moto Gloves | Transport (Field-Tested),gloves_MW_FT
★ Driver Gloves | Overtake (Field-Tested),gloves_MW_FT
★ Moto Gloves | POW! (Minimal Wear),gloves_MW_FT
★ Sport Gloves | Omega (Field-Tested),gloves_MW_FT
★ Moto Gloves | Turtle (Field-Tested),gloves_MW_FT
★ Hand Wraps | Duct Tape (Field-Tested),gloves_MW_FT
★ Moto Gloves | POW! (Field-Tested),gloves_MW_FT
★ Specialist Gloves | Crimson Web (Field-Tested),gloves_MW_FT
★ Sport Gloves | Amphibious (Field-Tested),gloves_MW_FT
★ Driver Gloves | Racing Green (Field-Tested),gloves_MW_FT
★ Specialist Gloves | Buckshot (Field-Tested),gloves_MW_FT
★ Hand Wraps | Arboreal (Minimal Wear),gloves_MW_FT
★ Driver Gloves | Racing Green (Minimal Wear),gloves_MW_FT
★ Specialist Gloves | Buckshot (Minimal Wear),gloves_MW_FT
★ Hand Wraps | Cobalt Skulls (Field-Tested),gloves_MW_FT
★ Moto Gloves | Transport (Minimal Wear),gloves_MW_FT
★ Hydra Gloves | Emerald (Minimal Wear),gloves_MW_FT
★ Specialist Gloves | Fade (Field-Tested),gloves_MW_FT
★ Sport Gloves | Bronze Morph (Minimal Wear),gloves_MW_FT
★ Driver Gloves | Imperial Plaid (Field-Tested),gloves_MW_FT
★ Hydra Gloves | Mangrove (Minimal Wear),gloves_MW_FT
★ Moto Gloves | Turtle (Minimal Wear),gloves_MW_FT
★ Sport Gloves | Amphibious (Minimal Wear),gloves_MW_FT
★ Driver Gloves | Overtake (Minimal Wear),gloves_MW_FT
★ Sport Gloves | Omega (Minimal Wear),gloves_MW_FT
★ Driver Gloves | King Snake (Minimal Wear),gloves_MW_FT
★ Sport Gloves | Vice (Minimal Wear),gloves_MW_FT
★ Hydra Gloves | Case Hardened (Minimal Wear),gloves_MW_FT
★ Specialist Gloves | Fade (Minimal Wear),gloves_MW_FT
★ Specialist Gloves | Crimson Web (Minimal Wear),gloves_MW_FT
AWP | PAW (Factory New),gun_FN
AUG | Amber Slipstream (Factory New),gun_FN
G3SG1 | High Seas (Factory New),gun_FN
MP9 | Capillary (Factory New),gun_FN
CZ75-Auto | Eco (Factory New),gun_FN
R8 Revolver | Survivalist (Factory New),gun_FN
Dual Berettas | Shred (Factory New),gun_FN
M4A1-S | Nightmare (Factory New),gun_FN
MP7 | Powercore (Factory New),gun_FN
Sawed-Off | Devourer (Factory New),gun_FN
Desert Eagle | Code Red (Factory New),gun_FN
AK-47 | Neon Rider (Factory New),gun_FN
P90 | Traction (Factory New),gun_FN
FAMAS | Eye of Athena (Factory New),gun_FN
Tec-9 | Snek-9 (Factory New),gun_FN
Glock-18 | Warhawk (Factory New),gun_FN
Tec-9 | Remote Control (Factory New),gun_FN
Five-SeveN | Coolant (Factory New),gun_FN
Glock-18 | High Beam (Factory New),gun_FN
AUG | Sweeper (Factory New),gun_FN
UMP-45 | Facility Dark (Factory New),gun_FN
AWP | Acheron (Factory New),gun_FN
PP-Bizon | Facility Sketch (Factory New),gun_FN
M4A4 | Mainframe (Factory New),gun_FN
SSG 08 | Hand Brake (Factory New),gun_FN
P250 | Facility Draft (Factory New),gun_FN
PP-Bizon | Candy Apple (Factory New),gun_FN
Sawed-Off | Brake Light (Factory New),gun_FN
Galil AR | Cold Fusion (Factory New),gun_FN
MAG-7 | Rust Coat (Factory New),gun_FN
MP7 | Motherboard (Factory New),gun_FN
M4A4 | Converter (Factory New),gun_FN
UMP-45 | Mudder (Factory New),gun_FN
AK-47 | Safety Net (Factory New),gun_FN
P90 | Facility Negative (Factory New),gun_FN
MP5-SD | Dirt Drop (Factory New),gun_FN
AUG | Random Access (Factory New),gun_FN
USP-S | Check Engine (Factory New),gun_FN
P250 | Exchanger (Factory New),gun_FN
MP5-SD | Co-Processor (Factory New),gun_FN
Glock-18 | Nuclear Garden (Factory New),gun_FN
M4A1-S | Control Panel (Factory New),gun_FN
MP7 | Fade (Factory New),gun_FN
MAC-10 | Calf Skin (Factory New),gun_FN
P250 | Vino Primo (Factory New),gun_FN
MP9 | Slide (Factory New),gun_FN
MAG-7 | Core Breach (Factory New),gun_FN
Dual Berettas | Twin Turbo (Factory New),gun_FN
R8 Revolver | Nitro (Factory New),gun_FN
SG 553 | Integrale (Factory New),gun_FN
AWP | Neo-Noir (Factory New),gun_FN
Desert Eagle | Mecha Industries (Factory New),gun_FN
Glock-18 | Oxide Blaze (Factory New),gun_FN
Sawed-Off | Black Sand (Factory New),gun_FN
USP-S | Flashback (Factory New),gun_FN
MP9 | Modest Threat (Factory New),gun_FN
UMP-45 | Momentum (Factory New),gun_FN
M4A4 | Magnesium (Factory New),gun_FN
P250 | Nevermore (Factory New),gun_FN
MP5-SD | Phosphor (Factory New),gun_FN
G3SG1 | Scavenger (Factory New),gun_FN
Galil AR | Signal (Factory New),gun_FN
SG 553 | Danger Close (Factory New),gun_FN
MAC-10 | Pipe Down (Factory New),gun_FN
AK-47 | Asiimov (Factory New),gun_FN
FAMAS | Crypsis (Factory New),gun_FN
AK-47 | Uncharted (Factory New),gun_FN
MAC-10 | Whitefish (Factory New),gun_FN
Galil AR | Akoben (Factory New),gun_FN
P250 | Verdigris (Factory New),gun_FN
P90 | Off World (Factory New),gun_FN
Tec-9 | Bamboozle (Factory New),gun_FN
Desert Eagle | Light Rail (Factory New),gun_FN
MP5-SD | Gauss (Factory New),gun_FN
UMP-45 | Moonrise (Factory New),gun_FN
Five-SeveN | Angry Mob (Factory New),gun_FN
AWP | Atheris (Factory New),gun_FN
M4A4 | The Emperor (Factory New),gun_FN
AUG | Momentum (Factory New),gun_FN
P250 | X-Ray (Factory New),gun_FN
MP5-SD | Agent (Minimal Wear),agent
AWP | Wildfire (Factory New),gun_FN
FAMAS | Commemoration (Factory New),gun_FN
MAG-7 | Popdog (Factory New),gun_FN
AUG | Death by Puppy (Factory New),gun_FN
SCAR-20 | Assault (Factory New),gun_FN
MP5-SD | Agent (Battle-Scarred),agent
MAC-10 | Classic Crate (Factory New),gun_FN
FAMAS | Decommissioned (Factory New),gun_FN
Tec-9 | Flash Out (Factory New),gun_FN
P250 | Inferno (Factory New),gun_FN
MP5-SD | Agent (Field-Tested),agent
P90 | Nostalgia (Factory New),gun_FN
MP5-SD | Agent (Well-Worn),agent
Five-SeveN | Buddy (Factory New),gun_FN
MP5-SD | Agent (Factory New),agent
Glock-18 | Sacrifice (Factory New),gun_FN
Dual Berettas | Elite 1.6 (Factory New),gun_FN
UMP-45 | Plastique (Factory New),gun_FN
MP9 | Hydra (Factory New),gun_FN
Blackwolf | Sabre,agent
Special Agent Ava | FBI,agent
Enforcer | Phoenix,agent
Lt. Commander Ricksaw | NSWC SEAL,agent
3rd Commando Company | KSK,agent
Rezan The Ready | Sabre,agent
Operator | FBI SWAT,agent
'The Doctor' Romanov | Sabre,agent
Maximus | Sabre,agent
Ground Rebel  | Elite Crew,agent
Markus Delrow | FBI HRT,agent
Soldier | Phoenix,agent
Seal Team 6 Soldier | NSWC SEAL,agent
Slingshot | Phoenix,agent
Michael Syfers  | FBI Sniper,agent
'Two Times' McCoy | USAF TACP,agent
Buckshot | NSWC SEAL,agent
Osiris | Elite Crew,agent
Dragomir | Sabre,agent
The Elite Mr. Muhlik | Elite Crew,agent
B Squadron Officer | SAS,agent
Prof. Shahmat | Elite Crew,agent
USP-S | Pathfinder (Factory New),gun_FN
MP5-SD | Bamboo Garden (Factory New),gun_FN
MAC-10 | Surfwood (Factory New),gun_FN
PP-Bizon | Seabird (Factory New),gun_FN
FAMAS | Night Borre (Factory New),gun_FN
MAG-7 | Chainmail (Factory New),gun_FN
AK-47 | Rat Rod (Factory New),gun_FN
SG 553 | Candy Apple (Factory New),gun_FN
SG 553 | Colony IV (Factory New),gun_FN
Sawed-Off | Jungle Thicket (Factory New),gun_FN
AUG | Arctic Wolf (Factory New),gun_FN
AUG | Midnight Lily (Factory New),gun_FN
SG 553 | Barricade (Factory New),gun_FN
Tec-9 | Orange Murano (Factory New),gun_FN
MP5-SD | Acid Wash (Factory New),gun_FN
AWP | Containment Breach (Factory New),gun_FN
CZ75-Auto | Emerald Quartz (Factory New),gun_FN
Tec-9 | Rust Leaf (Factory New),gun_FN
R8 Revolver | Memento (Factory New),gun_FN
XM1014 | Banana Leaf (Factory New),gun_FN
SSG 08 | Orange Filigree (Factory New),gun_FN
AUG | Flame Jörmungandr (Factory New),gun_FN
G3SG1 | Violet Murano (Factory New),gun_FN
Tec-9 | Decimator (Factory New),gun_FN
SCAR-20 | Torn (Factory New),gun_FN
M4A1-S | Moss Quartz (Factory New),gun_FN
P90 | Baroque Red (Factory New),gun_FN
M4A4 | Dark Blossom (Factory New),gun_FN
UMP-45 | Day Lily (Factory New),gun_FN
Dual Berettas | Emerald (Factory New),gun_FN
MAC-10 | Stalker (Factory New),gun_FN
P90 | Sunset Lily (Factory New),gun_FN
MAC-10 | Copper Borre (Factory New),gun_FN
AK-47 | Baroque Purple (Factory New),gun_FN
AUG | Navy Murano (Factory New),gun_FN
Dual Berettas | Pyre (Factory New),gun_FN
P2000 | Obsidian (Factory New),gun_FN
PP-Bizon | Embargo (Factory New),gun_FN
MP7 | Neon Ply (Factory New),gun_FN
R8 Revolver | Canal Spray (Factory New),gun_FN
Dual Berettas | Balance (Factory New),gun_FN
P250 | Dark Filigree (Factory New),gun_FN
P90 | Astral Jörmungandr (Factory New),gun_FN
SSG 08 | Red Stone (Factory New),gun_FN
Desert Eagle | Emerald Jörmungandr (Factory New),gun_FN
G3SG1 | Black Sand (Factory New),gun_FN
XM1014 | Frost Borre (Factory New),gun_FN
SCAR-20 | Stone Mosaico (Factory New),gun_FN
Glock-18 | Synth Leaf (Factory New),gun_FN
FAMAS | Sundown (Factory New),gun_FN
MP9 | Stained Glass (Factory New),gun_FN
AWP | Gungnir (Factory New),gun_FN
Five-SeveN | Crimson Blossom (Factory New),gun_FN
SCAR-20 | Brass (Factory New),gun_FN
MP7 | Teal Blossom (Factory New),gun_FN
SSG 08 | Sea Calico (Factory New),gun_FN
MP7 | Scorched (Factory New),gun_FN
MAC-10 | Red Filigree (Factory New),gun_FN
Galil AR | Tornado (Factory New),gun_FN
MP9 | Wild Lily (Factory New),gun_FN
AWP | The Prince (Factory New),gun_FN
CZ75-Auto | Indigo (Factory New),gun_FN
AK-47 | Wild Lotus (Factory New),gun_FN
MAG-7 | Cinquedea (Factory New),gun_FN
Patch | Phoenix,agent
SSG 08 | Fever Dream (Factory New),gun_FN
Desert Eagle | Blue Ply (Factory New),gun_FN
MAG-7 | Justice (Factory New),gun_FN
R8 Revolver | Bone Forged (Factory New),gun_FN
AWP | Capillary (Factory New),gun_FN
CZ75-Auto | Distressed (Factory New),gun_FN
AUG | Tom Cat (Factory New),gun_FN
SCAR-20 | Enforcer (Factory New),gun_FN
SG 553 | Darkwing (Factory New),gun_FN
MP5-SD | Desert Strike (Factory New),gun_FN
AK-47 | Phantom Disruptor (Factory New),gun_FN
M4A1-S | Player Two (Factory New),gun_FN
P2000 | Acid Etched (Factory New),gun_FN
MAC-10 | Disco Tech (Factory New),gun_FN
Sawed-Off | Apocalypto (Factory New),gun_FN
Glock-18 | Bullet Queen (Factory New),gun_FN
P250 | Cassette (Factory New),gun_FN
PP-Bizon | Runic (Factory New),gun_FN
SSG 08 | Mainframe 001 (Factory New),gun_FN
SG 553 | Ol' Rusty (Factory New),gun_FN
P90 | Freight (Factory New),gun_FN
Galil AR | Connexion (Factory New),gun_FN
Tec-9 | Brother (Factory New),gun_FN
P2000 | Gnarled (Factory New),gun_FN
MAG-7 | Monster Call (Factory New),gun_FN
XM1014 | Entombed (Factory New),gun_FN
M4A4 | Tooth Fairy (Factory New),gun_FN
MP5-SD | Kitbash (Factory New),gun_FN
Glock-18 | Vogue (Factory New),gun_FN
Desert Eagle | Printstream (Factory New),gun_FN
MAC-10 | Allure (Factory New),gun_FN
AK-47 | Legion of Anubis (Factory New),gun_FN
AUG | Surveillance (Factory New),gun_FN
MAG-7 | Carbon Fiber (Factory New),gun_FN
MP9 | Army Sheen (Factory New),gun_FN
Number K | The Professionals,agent
M4A4 | Global Offensive (Factory New),gun_FN
Desert Eagle | The Bronze (Factory New),gun_FN
Bio-Haz Specialist | SWAT,agent
XM1014 | Charter (Factory New),gun_FN
AUG | Carved Jade (Factory New),gun_FN
SCAR-20 | Magna Carta (Factory New),gun_FN
Getaway Sally | The Professionals,agent
Cmdr. Mae 'Dead Cold' Jamison | SWAT,agent
Sir Bloody Skullhead Darryl | The Professionals,agent
Sir Bloody Loudmouth Darryl | The Professionals,agent
Dual Berettas | Dezastre (Factory New),gun_FN
CZ75-Auto | Silver (Factory New),gun_FN
Sir Bloody Miami Darryl | The Professionals,agent
Tec-9 | Phoenix Chalk (Factory New),gun_FN
Safecracker Voltzmann | The Professionals,agent
Sawed-Off | Clay Ambush (Factory New),gun_FN
Five-SeveN | Berries And Cherries (Factory New),gun_FN
P90 | Ancient Earth (Factory New),gun_FN
P2000 | Dispatch (Factory New),gun_FN
Dual Berettas | Heist (Factory New),gun_FN
P250 | Forest Night (Factory New),gun_FN
Dual Berettas | Switch Board (Factory New),gun_FN
G3SG1 | Ancient Ritual (Factory New),gun_FN
P90 | Tiger Pit (Factory New),gun_FN
Sir Bloody Silent Darryl | The Professionals,agent
Sir Bloody Darryl Royale | The Professionals,agent
Dragomir | Sabre Footsoldier,agent
MP7 | Vault Heist (Factory New),gun_FN
UMP-45 | Houndstooth (Factory New),gun_FN
Sergeant Bombson | SWAT,agent
John 'Van Healen' Kask | SWAT,agent
FAMAS | Prime Conspiracy (Factory New),gun_FN
USP-S | Monster Mashup (Factory New),gun_FN
Glock-18 | Franklin (Factory New),gun_FN
'Blueberries' Buckshot | NSWC SEAL,agent
SG 553 | Lush Ruins (Factory New),gun_FN
SSG 08 | Parallax (Factory New),gun_FN
M4A1-S | Blue Phosphor (Factory New),gun_FN
Little Kev | The Professionals,agent
'Two Times' McCoy | TACP Cavalry,agent
Rezan the Redshirt | Sabre,agent
AWP | Silk Tiger (Factory New),gun_FN
1st Lieutenant Farlow | SWAT,agent
SSG 08 | Threat Detected (Factory New),gun_FN
G3SG1 | Digital Mesh (Factory New),gun_FN
P250 | Contaminant (Factory New),gun_FN
P2000 | Panther Camo (Factory New),gun_FN
M4A1-S | Printstream (Factory New),gun_FN
AWP | Fade (Factory New),gun_FN
UMP-45 | Gold Bismuth (Factory New),gun_FN
P90 | Cocoa Rampage (Factory New),gun_FN
Street Soldier | Phoenix,agent
AWP | Exoskeleton (Factory New),gun_FN
★ Hand Wraps | Desert Shamagh (Minimal Wear),gloves_MW_FT
CZ75-Auto | Jungle Dashed (Factory New),gun_FN
R8 Revolver | Phoenix Marker (Factory New),gun_FN
MP7 | Tall Grass (Factory New),gun_FN
★ Driver Gloves | Snow Leopard (Minimal Wear),gloves_MW_FT
XM1014 | Ancient Lore (Factory New),gun_FN
CZ75-Auto | Vendetta (Factory New),gun_FN
Chem-Haz Specialist | SWAT,agent
UMP-45 | Crime Scene (Factory New),gun_FN
★ Moto Gloves | 3rd Commando Company (Field-Tested),gloves_MW_FT
MP5-SD | Condition Zero (Factory New),gun_FN
★ Hand Wraps | Constrictor (Field-Tested),gloves_MW_FT
SG 553 | Hypnotic (Factory New),gun_FN
Desert Eagle | Night Heist (Factory New),gun_FN
SSG 08 | Jungle Dashed (Factory New),gun_FN
M4A4 | Cyber Security (Factory New),gun_FN
Galil AR | Vandal (Factory New),gun_FN
★ Specialist Gloves | Marble Fade (Field-Tested),gloves_MW_FT
R8 Revolver | Night (Factory New),gun_FN
★ Broken Fang Gloves | Yellow-banded (Minimal Wear),gloves_MW_FT
★ Broken Fang Gloves | Needle Point (Field-Tested),gloves_MW_FT
★ Specialist Gloves | Field Agent (Field-Tested),gloves_MW_FT
★ Hand Wraps | Desert Shamagh (Field-Tested),gloves_MW_FT
★ Sport Gloves | Big Game (Field-Tested),gloves_MW_FT
MP5-SD | Nitro (Factory New),gun_FN
★ Broken Fang Gloves | Unhinged (Field-Tested),gloves_MW_FT
★ Driver Gloves | Rezan the Red (Field-Tested),gloves_MW_FT
Glock-18 | Neo-Noir (Factory New),gun_FN
Five-SeveN | Fairy Tale (Factory New),gun_FN
USP-S | Target Acquired (Factory New),gun_FN
Galil AR | Dusk Ruins (Factory New),gun_FN
★ Moto Gloves | Finish Line (Field-Tested),gloves_MW_FT
Galil AR | Phoenix Blacklight (Factory New),gun_FN
★ Specialist Gloves | Tiger Strike (Field-Tested),gloves_MW_FT
★ Hand Wraps | Giraffe (Field-Tested),gloves_MW_FT
★ Sport Gloves | Slingshot (Minimal Wear),gloves_MW_FT
USP-S | Ancient Visions (Factory New),gun_FN
★ Sport Gloves | Nocts (Field-Tested),gloves_MW_FT
★ Driver Gloves | Queen Jaguar (Field-Tested),gloves_MW_FT
★ Driver Gloves | Snow Leopard (Field-Tested),gloves_MW_FT
★ Specialist Gloves | Lt. Commander (Field-Tested),gloves_MW_FT
★ Hand Wraps | Constrictor (Minimal Wear),gloves_MW_FT
★ Broken Fang Gloves | Unhinged (Minimal Wear),gloves_MW_FT
★ Sport Gloves | Scarlet Shamagh (Field-Tested),gloves_MW_FT
★ Hand Wraps | Giraffe (Minimal Wear),gloves_MW_FT
★ Specialist Gloves | Marble Fade (Minimal Wear),gloves_MW_FT
MAC-10 | Gold Brick (Factory New),gun_FN
★ Sport Gloves | Big Game (Minimal Wear),gloves_MW_FT
★ Hand Wraps | CAUTION! (Field-Tested),gloves_MW_FT
★ Hand Wraps | CAUTION! (Minimal Wear),gloves_MW_FT
★ Specialist Gloves | Lt. Commander (Minimal Wear),gloves_MW_FT
Tec-9 | Blast From the Past (Factory New),gun_FN
★ Moto Gloves | Smoke Out (Minimal Wear),gloves_MW_FT
AK-47 | Panthera onca (Factory New),gun_FN
★ Driver Gloves | Black Tie (Field-Tested),gloves_MW_FT
★ Moto Gloves | Blood Pressure (Minimal Wear),gloves_MW_FT
★ Broken Fang Gloves | Jade (Minimal Wear),gloves_MW_FT
★ Moto Gloves | Finish Line (Minimal Wear),gloves_MW_FT
★ Sport Gloves | Scarlet Shamagh (Minimal Wear),gloves_MW_FT
★ Broken Fang Gloves | Yellow-banded (Field-Tested),gloves_MW_FT
MAC-10 | Hot Snakes (Factory New),gun_FN
P90 | Run and Hide (Factory New),gun_FN
P250 | Bengal Tiger (Factory New),gun_FN
★ Specialist Gloves | Field Agent (Minimal Wear),gloves_MW_FT
★ Driver Gloves | Black Tie (Minimal Wear),gloves_MW_FT
★ Moto Gloves | Blood Pressure (Field-Tested),gloves_MW_FT
★ Specialist Gloves | Tiger Strike (Minimal Wear),gloves_MW_FT
★ Broken Fang Gloves | Jade (Field-Tested),gloves_MW_FT
★ Moto Gloves | Smoke Out (Field-Tested),gloves_MW_FT
★ Sport Gloves | Slingshot (Field-Tested),gloves_MW_FT
★ Sport Gloves | Nocts (Minimal Wear),gloves_MW_FT
★ Moto Gloves | 3rd Commando Company (Minimal Wear),gloves_MW_FT
★ Driver Gloves | Rezan the Red (Minimal Wear),gloves_MW_FT
★ Driver Gloves | Queen Jaguar (Minimal Wear),gloves_MW_FT
M4A1-S | Welcome to the Jungle (Factory New),gun_FN
★ Broken Fang Gloves | Needle Point (Minimal Wear),gloves_MW_FT
AK-47 | X-Ray (Factory New),gun_FN
Poorly Drawn Capsule,agent
CZ75-Auto | Circaetus (Factory New),gun_FN
AK-47 | Slate (Factory New),gun_FN
Glock-18 | Clear Polymer (Factory New),gun_FN
R8 Revolver | Junk Yard (Factory New),gun_FN
XM1014 | XOXO (Factory New),gun_FN
UMP-45 | Oscillator (Factory New),gun_FN
SG 553 | Heavy Metal (Factory New),gun_FN
MP9 | Food Chain (Factory New),gun_FN
Desert Eagle | Trigger Discipline (Factory New),gun_FN
P250 | Cyber Shell (Factory New),gun_FN
MAC-10 | Button Masher (Factory New),gun_FN
Galil AR | Chromatic Aberration (Factory New),gun_FN
M4A4 | In Living Color (Factory New),gun_FN
USP-S | The Traitor (Factory New),gun_FN
SSG 08 | Prey (Factory New),gun_FN
MAC-10 | Sienna Damask (Factory New),gun_FN
AUG | Spalted Wood (Factory New),gun_FN
SG 553 | Bleached (Factory New),gun_FN
G3SG1 | New Roots (Factory New),gun_FN
Five-SeveN | Withered Vine (Factory New),gun_FN
MP9 | Mount Fuji (Factory New),gun_FN
Dual Berettas | Tread (Factory New),gun_FN
Tec-9 | Safety Net (Factory New),gun_FN
AUG | Amber Fade (Factory New),gun_FN
R8 Revolver | Desert Brush (Factory New),gun_FN
P90 | Desert DDPAT (Factory New),gun_FN
SSG 08 | Carbon Fiber (Factory New),gun_FN
MP9 | Old Roots (Factory New),gun_FN
Sawed-Off | Parched (Factory New),gun_FN
Glock-18 | Red Tire (Factory New),gun_FN
R8 Revolver | Blaze (Factory New),gun_FN
Galil AR | Amber Fade (Factory New),gun_FN
P250 | Black & Tan (Factory New),gun_FN
Glock-18 | Gamma Doppler (Factory New),gun_FN
MP7 | Prey (Factory New),gun_FN
PP-Bizon | Anolis (Factory New),gun_FN
Crasswater The Forgotten | Guerrilla Warfare,agent
P250 | Drought (Factory New),gun_FN
MAG-7 | Navy Sheen (Factory New),gun_FN
Dual Berettas | Drift Wood (Factory New),gun_FN
P90 | Verdant Growth (Factory New),gun_FN
CZ75-Auto | Midnight Palm (Factory New),gun_FN
USP-S | Purple DDPAT (Factory New),gun_FN
Five-SeveN | Boost Protocol (Factory New),gun_FN
MP9 | Music Box (Factory New),gun_FN
FAMAS | CaliCamo (Factory New),gun_FN
MP5-SD | Autumn Twilly (Factory New),gun_FN
SG 553 | Desert Blossom (Factory New),gun_FN
XM1014 | Elegant Vines (Factory New),gun_FN
USP-S | Black Lotus (Factory New),gun_FN
FAMAS | Meltdown (Factory New),gun_FN
'Medium Rare' Crasswater | Guerrilla Warfare,agent
Vypa Sista of the Revolution | Guerrilla Warfare,agent
Chem-Haz Capitaine | Gendarmerie Nationale,agent
Bloody Darryl The Strapped | The Professionals,agent
MAG-7 | Prism Terrace (Factory New),gun_FN
Dual Berettas | Oil Change (Factory New),gun_FN
PP-Bizon | Lumen (Factory New),gun_FN
M4A4 | Red DDPAT (Factory New),gun_FN
Chef d'Escadron Rouchard | Gendarmerie Nationale,agent
M4A1-S | Fizzy POP (Factory New),gun_FN
AWP | POP AWP (Factory New),gun_FN
XM1014 | Blue Tire (Factory New),gun_FN
Arno The Overgrown | Guerrilla Warfare,agent
G3SG1 | Keeping Tabs (Factory New),gun_FN
FAMAS | Faulty Wiring (Factory New),gun_FN
Desert Eagle | Sputnik (Factory New),gun_FN
AUG | Sand Storm (Factory New),gun_FN
AUG | Plague (Factory New),gun_FN
FAMAS | ZX Spectron (Factory New),gun_FN
Elite Trapper Solman | Guerrilla Warfare,agent
UMP-45 | Full Stop (Factory New),gun_FN
SSG 08 | Spring Twilly (Factory New),gun_FN
Aspirant | Gendarmerie Nationale,agent
MP7 | Guerrilla (Factory New),gun_FN
AWP | Desert Hydra (Factory New),gun_FN
SSG 08 | Turbo Peek (Factory New),gun_FN
UMP-45 | Fade (Factory New),gun_FN
CZ75-Auto | Syndicate (Factory New),gun_FN
MAC-10 | Strats (Factory New),gun_FN
PP-Bizon | Breaker Box (Factory New),gun_FN
USP-S | Orange Anolis (Factory New),gun_FN
XM1014 | Watchdog (Factory New),gun_FN
Officer Jacques Beltram | Gendarmerie Nationale,agent
MAC-10 | Propaganda (Factory New),gun_FN
Trapper Aggressor | Guerrilla Warfare,agent
MAG-7 | BI83 Spectrum (Factory New),gun_FN
P2000 | Space Race (Factory New),gun_FN
CZ75-Auto | Framework (Factory New),gun_FN
M4A4 | Spider Lily (Factory New),gun_FN
D Squadron Officer | NZSAS,agent
Glock-18 | Snack Attack (Factory New),gun_FN
P250 | Digital Architect (Factory New),gun_FN
Trapper | Guerrilla Warfare,agent
UMP-45 | Mechanism (Factory New),gun_FN
MP5-SD | Oxide Oasis (Factory New),gun_FN
SG 553 | Hazard Pay (Factory New),gun_FN
AK-47 | Leet Museo (Factory New),gun_FN
Desert Eagle | Ocean Drive (Factory New),gun_FN
Lieutenant 'Tree Hugger' Farlow | SWAT,agent
M4A4 | The Coalition (Factory New),gun_FN
Primeiro Tenente | Brazilian 1st Battalion,agent
Sous-Lieutenant Medic | Gendarmerie Nationale,agent
Col. Mangos Dabisi | Guerrilla Warfare,agent
SSG 08 | Death Strike (Factory New),gun_FN
P90 | Schematic (Factory New),gun_FN
USP-S | Whiteout (Factory New),gun_FN
Five-SeveN | Fall Hazard (Factory New),gun_FN
Desert Eagle | Fennec Fox (Factory New),gun_FN
MAC-10 | Toybox (Factory New),gun_FN
AK-47 | Gold Arabesque (Factory New),gun_FN
AK-47 | Green Laminate (Factory New),gun_FN
Jungle Rebel | Elite Crew,agent
MAC-10 | Case Hardened (Factory New),gun_FN
Galil AR | CAUTION! (Factory New),gun_FN
Glock-18 | Pink DDPAT (Factory New),gun_FN
M4A1-S | Imminent Danger (Factory New),gun_FN
XM1014 | Zombie Offensive (Factory New),gun_FN
G3SG1 | Dream Glade (Factory New),gun_FN
USP-S | Ticket to Hell (Factory New),gun_FN
PP-Bizon | Space Cat (Factory New),gun_FN
MAG-7 | Foresight (Factory New),gun_FN
SCAR-20 | Poultrygeist (Factory New),gun_FN
Sawed-Off | Spirit Board (Factory New),gun_FN
M4A1-S | Night Terror (Factory New),gun_FN
Dual Berettas | Melondrama (Factory New),gun_FN
AK-47 | Nightwish (Factory New),gun_FN
Five-SeveN | Scrawl (Factory New),gun_FN
MAC-10 | Ensnared (Factory New),gun_FN
FAMAS | Rapid Eye Movement (Factory New),gun_FN
MP9 | Starlight Protector (Factory New),gun_FN
MP7 | Abyssal Apparition (Factory New),gun_FN
MP5-SD | Necro Jr. (Factory New),gun_FN
P2000 | Lifted Spirits (Factory New),gun_FN
SG 553 | Dragon Tech (Factory New),gun_FN
Galil AR | Destroyer (Factory New),gun_FN
P250 | Visions (Factory New),gun_FN
Sawed-Off | Kiss♥Love (Factory New),gun_FN
P90 | Vent Rush (Factory New),gun_FN
MAC-10 | Monkeyflage (Factory New),gun_FN
FAMAS | Meow 36 (Factory New),gun_FN
UMP-45 | Roadblock (Factory New),gun_FN
Glock-18 | Winterized (Factory New),gun_FN
R8 Revolver | Crazy 8 (Factory New),gun_FN
Dual Berettas | Flora Carnivora (Factory New),gun_FN
M4A4 | Poly Mag (Factory New),gun_FN
AWP | Chromatic Aberration (Factory New),gun_FN
AK-47 | Ice Coaled (Factory New),gun_FN
USP-S | Printstream (Factory New),gun_FN
R8 Revolver | Banana Cannon (Factory New),gun_FN
P90 | Neoqueen (Factory New),gun_FN
M4A1-S | Emphorosaur-S (Factory New),gun_FN
MP9 | Featherweight (Factory New),gun_FN
MAG-7 | Insomnia (Factory New),gun_FN
Glock-18 | Umbral Rabbit (Factory New),gun_FN
P2000 | Wicked Sick (Factory New),gun_FN
SG 553 | Cyberforce (Factory New),gun_FN
MP5-SD | Liquidation (Factory New),gun_FN
SCAR-20 | Fragments (Factory New),gun_FN
M4A4 | Temukau (Factory New),gun_FN
Tec-9 | Rebel (Factory New),gun_FN
P250 | Re.built (Factory New),gun_FN
AK-47 | Head Shot (Factory New),gun_FN
UMP-45 | Wild Child (Factory New),gun_FN
AWP | Duality (Factory New),gun_FN
AUG | Snake Pit (Factory New),gun_FN
R8 Revolver | Inlay (Factory New),gun_FN
XM1014 | Hieroglyph (Factory New),gun_FN
AK-47 | Steel Delta (Factory New),gun_FN
M4A1-S | Mud-Spec (Factory New),gun_FN
MAC-10 | Echoing Sands (Factory New),gun_FN
MP7 | Sunbaked (Factory New),gun_FN
USP-S | Desert Tactical (Factory New),gun_FN
SSG 08 | Azure Glyph (Factory New),gun_FN
AWP | Black Nile (Factory New),gun_FN
Tec-9 | Mummy's Rot (Factory New),gun_FN
MAG-7 | Copper Coated (Factory New),gun_FN
M4A4 | Eye of Horus (Factory New),gun_FN
Glock-18 | Ramese's Reach (Factory New),gun_FN
FAMAS | Waters of Nephthys (Factory New),gun_FN
P90 | ScaraB Rush (Factory New),gun_FN
P250 | Apep's Curse (Factory New),gun_FN
Five-SeveN | Hybrid (Factory New),gun_FN
Sawed-Off | Analog Input (Factory New),gun_FN
Zeus x27 | Olympus (Factory New),gun_FN
USP-S | Jawbreaker (Factory New),gun_FN
SSG 08 | Dezastre (Factory New),gun_FN
M4A4 | Etch Lord (Factory New),gun_FN
MP7 | Just Smile (Factory New),gun_FN
Dual Berettas | Hideout (Factory New),gun_FN
Glock-18 | Block-18 (Factory New),gun_FN
XM1014 | Irezumi (Factory New),gun_FN
M4A1-S | Black Lotus (Factory New),gun_FN
UMP-45 | Motorized (Factory New),gun_FN
Tec-9 | Slag (Factory New),gun_FN
AK-47 | Inheritance (Factory New),gun_FN
MAC-10 | Light Box (Factory New),gun_FN
AWP | Chrome Cannon (Factory New),gun_FN
FAMAS | Half Sleeve (Factory New),gun_FN
Tec-9 | Tiger Stencil (Factory New),gun_FN
PP-Bizon | Cold Cell (Factory New),gun_FN
AK-47 | Olive Polycam (Factory New),gun_FN
MP9 | Arctic Tri-Tone (Factory New),gun_FN
Charm | Lil' SAS,agent
SSG 08 | Rapid Transit (Factory New),gun_FN
MAG-7 | Wildwood (Factory New),gun_FN
Five-SeveN | Midnight Paintover (Factory New),gun_FN
P90 | Randy Rush (Factory New),gun_FN
SSG 08 | Halftone Whorl (Factory New),gun_FN
Galil AR | Metallic Squeezer (Factory New),gun_FN
FAMAS | Halftone Wash (Factory New),gun_FN
SSG 08 | Zeno (Factory New),gun_FN
P90 | Wash me (Factory New),gun_FN
M4A1-S | Fade (Factory New),gun_FN
MP5-SD | Statics (Factory New),gun_FN
XM1014 | Monster Melt (Factory New),gun_FN
M4A1-S | Wash me plz (Factory New),gun_FN
AUG | Luxe Trim (Factory New),gun_FN
P2000 | Coral Halftone (Factory New),gun_FN
Galil AR | NV (Factory New),gun_FN
Galil AR | Rainbow Spoon (Factory New),gun_FN
USP-S | Alpine Camo (Factory New),gun_FN
R8 Revolver | Tango (Factory New),gun_FN
UMP-45 | Crimson Foil (Factory New),gun_FN
P250 | Small Game (Factory New),gun_FN
SCAR-20 | Trail Blazer (Factory New),gun_FN
Desert Eagle | Tilted (Factory New),gun_FN
Glock-18 | Teal Graf (Factory New),gun_FN
AK-47 | Crossfade (Factory New),gun_FN
Desert Eagle | Starcade (Factory New),gun_FN
Desert Eagle | Heat Treated (Factory New),gun_FN
Desert Eagle | Calligraffiti (Factory New),gun_FN
USP-S | 27 (Factory New),gun_FN
Dual Berettas | Hydro Strike (Factory New),gun_FN
SCAR-20 | Wild Berry (Factory New),gun_FN
MAC-10 | Pipsqueak (Factory New),gun_FN
P90 | Attack Vector (Factory New),gun_FN
Dual Berettas | Sweet Little Angels (Factory New),gun_FN
MAC-10 | Saibā Oni (Factory New),gun_FN
XM1014 | Halftone Shift (Factory New),gun_FN
SG 553 | Berry Gel Coat (Factory New),gun_FN
M4A4 | Turbine (Factory New),gun_FN
M4A4 | Polysoup (Factory New),gun_FN
Five-SeveN | Heat Treated (Factory New),gun_FN
MP7 | Astrolabe (Factory New),gun_FN
Glock-18 | Gold Toof (Factory New),gun_FN
Glock-18 | AXIA (Factory New),gun_FN
CZ75-Auto | Slalom (Factory New),gun_FN
AWP | Crakow! (Factory New),gun_FN
P250 | Epicenter (Factory New),gun_FN
AUG | Eye of Zapems (Factory New),gun_FN
Zeus x27 | Dragon Snore (Factory New),gun_FN
AUG | Lil' Pig (Factory New),gun_FN
AK-47 | B the Monster (Factory New),gun_FN
AK-47 | The Outsiders (Factory New),gun_FN
M4A1-S | Vaporwave (Factory New),gun_FN
UMP-45 | Neo-Noir (Factory New),gun_FN
AWP | CMYK (Factory New),gun_FN
Galil AR | Green Apple (Factory New),gun_FN
Zeus x27 | Tosai (Factory New),gun_FN
MAC-10 | Acid Hex (Factory New),gun_FN
FAMAS | 2A2F (Factory New),gun_FN
MAC-10 | Derailment (Factory New),gun_FN
CZ75-Auto | Copper Fiber (Factory New),gun_FN
P250 | Constructivist (Factory New),gun_FN
XM1014 | Run Run Run (Factory New),gun_FN
P90 | Straight Dimes (Factory New),gun_FN
Desert Eagle | Serpent Strike (Factory New),gun_FN
CZ75-Auto | Pink Pearl (Factory New),gun_FN
Glock-18 | Green Line (Factory New),gun_FN
SSG 08 | Green Ceramic (Factory New),gun_FN
M4A4 | Choppa (Factory New),gun_FN
XM1014 | Solitude (Factory New),gun_FN
M4A4 | Steel Work (Factory New),gun_FN
MP7 | Short Ochre (Factory New),gun_FN
AUG | Steel Sentinel (Factory New),gun_FN
P250 | Copper Oxide (Factory New),gun_FN
PP-Bizon | Wood Block Camo (Factory New),gun_FN
MP9 | Multi-Terrain (Factory New),gun_FN
UMP-45 | Late Night Transit (Factory New),gun_FN
P90 | Blue Tac (Factory New),gun_FN
SSG 08 | Tiger Tear (Factory New),gun_FN
Galil AR | Acid Dart (Factory New),gun_FN
SCAR-20 | Short Ochre (Factory New),gun_FN
SSG 08 | Memorial (Factory New),gun_FN
USP-S | Royal Guard (Factory New),gun_FN
Zeus x27 | Charged Up (Factory New),gun_FN
P2000 | Sure Grip (Factory New),gun_FN
Galil AR | Control (Factory New),gun_FN
MP9 | Nexus (Factory New),gun_FN
G3SG1 | Red Jasper (Factory New),gun_FN
XM1014 | Canvas Cloud (Factory New),gun_FN
P250 | Sedimentary (Factory New),gun_FN
USP-S | Tropical Breeze (Factory New),gun_FN
USP-S | PC-GRN (Factory New),gun_FN
P90 | Mustard Gas (Factory New),gun_FN
UMP-45 | Green Swirl (Factory New),gun_FN
MP9 | Buff Blue (Factory New),gun_FN
MAC-10 | Storm Camo (Factory New),gun_FN
P90 | Wave Breaker (Factory New),gun_FN
Galil AR | Robin's Egg (Factory New),gun_FN
FAMAS | Grey Ghost (Factory New),gun_FN
MAG-7 | Resupply (Factory New),gun_FN
Five-SeveN | Sky Blue (Factory New),gun_FN
XM1014 | Mockingbird (Factory New),gun_FN
Galil AR | Grey Smoke (Factory New),gun_FN
P2000 | Marsh (Factory New),gun_FN
M4A1-S | Rose Hex (Factory New),gun_FN
AWP | Printstream (Factory New),gun_FN
M4A4 | Naval Shred Camo (Factory New),gun_FN
MAG-7 | Copper Oxide (Factory New),gun_FN
Zeus x27 | Swamp DDPAT (Factory New),gun_FN
SSG 08 | Grey Smoke (Factory New),gun_FN
Five-SeveN | Autumn Thicket (Factory New),gun_FN
FAMAS | Palm (Factory New),gun_FN
MP5-SD | Gold Leaf (Factory New),gun_FN
Sawed-Off | Runoff (Factory New),gun_FN
XM1014 | Copperflage (Factory New),gun_FN
AK-47 | VariCamo Grey (Factory New),gun_FN
Tec-9 | Citric Acid (Factory New),gun_FN
Glock-18 | Shinobu (Factory New),gun_FN
M4A1-S | Glitched Paint (Factory New),gun_FN
XM1014 | Gum Wall Camo (Factory New),gun_FN
Tec-9 | Garter-9 (Factory New),gun_FN
MAC-10 | Bronzer (Factory New),gun_FN
MP9 | Pine (Factory New),gun_FN
MAC-10 | Poplar Thicket (Factory New),gun_FN
AUG | Commando Company (Factory New),gun_FN
SG 553 | Night Camo (Factory New),gun_FN
Galil AR | O-Ranger (Factory New),gun_FN
MP5-SD | Lime Hex (Factory New),gun_FN
SG 553 | Basket Halftone (Factory New),gun_FN
P90 | Reef Grief (Factory New),gun_FN
M4A4 | Hellish (Factory New),gun_FN
AWP | Arsenic Spill (Factory New),gun_FN
P90 | Desert Halftone (Factory New),gun_FN
Dual Berettas | Polished Malachite (Factory New),gun_FN
G3SG1 | Green Cell (Factory New),gun_FN
P250 | Plum Netting (Factory New),gun_FN
AK-47 | Wintergreen (Factory New),gun_FN
Glock-18 | Ocean Topo (Factory New),gun_FN
UMP-45 | K.O. Factory (Factory New),gun_FN
AK-47 | Searing Rage (Factory New),gun_FN
Tec-9 | Raw Ceramic (Factory New),gun_FN
SSG 08 | Blush Pour (Factory New),gun_FN
P250 | Red Tide (Factory New),gun_FN
USP-S | Bleeding Edge (Factory New),gun_FN
Desert Eagle | Mulberry (Factory New),gun_FN
Dual Berettas | Rose Nacre (Factory New),gun_FN
Glock-18 | Glockingbird (Factory New),gun_FN
R8 Revolver | Leafhopper (Factory New),gun_FN
MP9 | Shredded (Factory New),gun_FN
R8 Revolver | Cobalt Grip (Factory New),gun_FN
Tec-9 | Blue Blast (Factory New),gun_FN
MP9 | Cobalt Paisley (Factory New),gun_FN
M4A4 | Sheet Lightning (Factory New),gun_FN
P2000 | Royal Baroque (Factory New),gun_FN
Zeus x27 | Electric Blue (Factory New),gun_FN
Dual Berettas | BorDeux (Factory New),gun_FN
MP9 | Latte Rush (Factory New),gun_FN
AK-47 | Midnight Laminate (Factory New),gun_FN
Desert Eagle | Mint Fan (Factory New),gun_FN
Glock-18 | Coral Bloom (Factory New),gun_FN
FAMAS | Bad Trip (Factory New),gun_FN
FAMAS | Yeti Camo (Factory New),gun_FN
AK-47 | Nouveau Rouge (Factory New),gun_FN
AWP | Green Energy (Factory New),gun_FN
Tec-9 | Whiteout (Factory New),gun_FN
AWP | LongDog (Factory New),gun_FN
M4A1-S | Stratosphere (Factory New),gun_FN
M4A1-S | Solitude (Factory New),gun_FN
M4A1-S | Liquidation (Factory New),gun_FN
AUG | Trigger Discipline (Factory New),gun_FN
P250 | Bullfrog (Factory New),gun_FN
Glock-18 | Mirror Mosaic (Factory New),gun_FN
AWP | Ice Coaled (Factory New),gun_FN
MP9 | Broken Record (Factory New),gun_FN
MAG-7 | MAGnitude (Factory New),gun_FN
UMP-45 | Continuum (Factory New),gun_FN
AK-47 | The Oligarch (Factory New),gun_FN
P2000 | Red Wing (Factory New),gun_FN
Dual Berettas | Angel Eyes (Factory New),gun_FN
MP5-SD | Focus (Factory New),gun_FN
MAC-10 | Cat Fight (Factory New),gun_FN
SCAR-20 | Caged (Factory New),gun_FN
MP7 | Smoking Kills (Factory New),gun_FN
M4A4 | Full Throttle (Factory New),gun_FN
AK-47 | Aphrodite (Factory New),gun_FN
SSG 08 | Sans Comic (Factory New),gun_FN
CZ75-Auto | Honey Paisley (Factory New),gun_FN
PP-Bizon | Thermal Currents (Factory New),gun_FN
MAC-10 | Snow Splash (Factory New),gun_FN
MP9 | Dizzy (Factory New),gun_FN
FAMAS | Vendetta (Factory New),gun_FN
MP7 | Coral Paisley (Factory New),gun_FN
FAMAS | Byproduct (Factory New),gun_FN
R8 Revolver | Dark Chamber (Factory New),gun_FN
Sawed-Off | Crimson Batik (Factory New),gun_FN
SCAR-20 | Zinc (Factory New),gun_FN
R8 Revolver | Mauve Aside (Factory New),gun_FN
Five-SeveN | Fraise Crane (Factory New),gun_FN
PP-Bizon | Bizoom (Factory New),gun_FN
MP9 | Bee-Tron (Factory New),gun_FN
Dual Berettas | Silver Pour (Factory New),gun_FN
M4A4 | Aeolian Dark (Factory New),gun_FN
P250 | Sleet (Factory New),gun_FN
USP-S | Sleeping Potion (Factory New),gun_FN
SG 553 | Safari Print (Factory New),gun_FN
AK-47 | Breakthrough (Factory New),gun_FN
Tec-9 | Banana Leaf (Factory New),gun_FN
MP5-SD | Picnic (Factory New),gun_FN
Glock-18 | Trace Lock (Factory New),gun_FN
MP5-SD | Snow Splash (Factory New),gun_FN
M4A1-S | Party Animal (Factory New),gun_FN
Zeus x27 | Earth Mandala (Factory New),gun_FN
Desert Eagle | The Daily Deagle (Factory New),gun_FN
SSG 08 | Calligrafaux (Factory New),gun_FN
XM1014 | XoooM (Factory New),gun_FN
P90 | Aeolian Light (Factory New),gun_FN
AWP | The End (Factory New),gun_FN
Galil AR | Sky Mandala (Factory New),gun_FN
UMP-45 | Warm Blooded (Factory New),gun_FN
AUG | Creep (Factory New),gun_FN
AWP | Exothermic (Factory New),gun_FN
P2000 | Grip Tape (Factory New),gun_FN
MP9 | Urban Sovereign (Factory New),gun_FN
Sawed-Off | Fusion (Factory New),gun_FN
MP7 | Amberline (Factory New),gun_FN
AK-47 | Crane Flight (Factory New),gun_FN
M4A4 | Zubastick (Factory New),gun_FN
USP-S | Silent Shot (Factory New),gun_FN
★ Specialist Gloves | Lime Polycam (Minimal Wear),gloves_MW_FT
Five-SeveN | Dark Polymer (Factory New),gun_FN
Galil AR | Galigator (Factory New),gun_FN
PP-Bizon | RMX (Factory New),gun_FN
★ Driver Gloves | Wave Chaser (Field-Tested),gloves_MW_FT
UMP-45 | Fragment (Factory New),gun_FN
★ Sport Gloves | Red Racer (Field-Tested),gloves_MW_FT
★ Specialist Gloves | Big Swell (Field-Tested),gloves_MW_FT
★ Sport Gloves | Ultra Violent (Minimal Wear),gloves_MW_FT
Desert Eagle | Firebreathing (Factory New),gun_FN
★ Specialist Gloves | Cloud Chaser (Minimal Wear),gloves_MW_FT
★ Specialist Gloves | Chocolate Chesterfield (Field-Tested),gloves_MW_FT
M4A1-S | Electrum (Factory New),gun_FN
P90 | Deathgaze (Factory New),gun_FN
★ Specialist Gloves | Lime Polycam (Field-Tested),gloves_MW_FT
★ Driver Gloves | Brocade Flowers (Field-Tested),gloves_MW_FT
★ Specialist Gloves | Big Swell (Minimal Wear),gloves_MW_FT
P250 | Kintsugi (Factory New),gun_FN
★ Sport Gloves | Occult (Minimal Wear),gloves_MW_FT
AWP | Queen's Gambit (Factory New),gun_FN
★ Sport Gloves | Blaze (Field-Tested),gloves_MW_FT
★ Specialist Gloves | Cloud Chaser (Field-Tested),gloves_MW_FT
★ Driver Gloves | Seigaiha (Field-Tested),gloves_MW_FT
★ Specialist Gloves | Blackbook (Field-Tested),gloves_MW_FT
★ Specialist Gloves | Pillow Punchers (Field-Tested),gloves_MW_FT
★ Sport Gloves | Occult (Field-Tested),gloves_MW_FT
★ Driver Gloves | Plum Quill (Minimal Wear),gloves_MW_FT
★ Sport Gloves | Frosty (Minimal Wear),gloves_MW_FT
★ Sport Gloves | Frosty (Field-Tested),gloves_MW_FT
★ Driver Gloves | Hand Sweaters (Field-Tested),gloves_MW_FT
★ Specialist Gloves | Sunburst (Field-Tested),gloves_MW_FT
★ Driver Gloves | Garden (Field-Tested),gloves_MW_FT
★ Specialist Gloves | Chocolate Chesterfield (Minimal Wear),gloves_MW_FT
★ Sport Gloves | Violet Beadwork (Minimal Wear),gloves_MW_FT
★ Sport Gloves | Ultra Violent (Field-Tested),gloves_MW_FT
★ Driver Gloves | Seigaiha (Minimal Wear),gloves_MW_FT
★ Sport Gloves | Creme Pinstripe (Field-Tested),gloves_MW_FT
★ Sport Gloves | Red Racer (Minimal Wear),gloves_MW_FT
Glock-18 | Fully Tuned (Factory New),gun_FN
★ Driver Gloves | Brocade Crane (Minimal Wear),gloves_MW_FT
★ Sport Gloves | Violet Beadwork (Field-Tested),gloves_MW_FT
★ Driver Gloves | Brocade Crane (Field-Tested),gloves_MW_FT
★ Driver Gloves | Brocade Flowers (Minimal Wear),gloves_MW_FT
★ Driver Gloves | Wave Chaser (Minimal Wear),gloves_MW_FT
★ Specialist Gloves | Pillow Punchers (Minimal Wear),gloves_MW_FT
★ Driver Gloves | Dragon Fists (Minimal Wear),gloves_MW_FT
★ Sport Gloves | Blaze (Minimal Wear),gloves_MW_FT
★ Driver Gloves | Garden (Minimal Wear),gloves_MW_FT
★ Driver Gloves | Dragon Fists (Field-Tested),gloves_MW_FT
★ Specialist Gloves | Blackbook (Minimal Wear),gloves_MW_FT
★ Driver Gloves | Hand Sweaters (Minimal Wear),gloves_MW_FT
★ Driver Gloves | Plum Quill (Field-Tested),gloves_MW_FT
★ Specialist Gloves | Sunburst (Minimal Wear),gloves_MW_FT
★ Sport Gloves | Creme Pinstripe (Minimal Wear),gloves_MW_FT
FAMAS | Snake Song (Factory New),gun_FN
PP-Bizon | Traitor (Factory New),gun_FN
Dual Berettas | Mystic Conjunction (Factory New),gun_FN
Five-SeveN | Desert Seal (Factory New),gun_FN
Tec-9 | Sultan (Factory New),gun_FN
MAC-10 | Arabesque Mosaic (Factory New),gun_FN
FAMAS | Corp Defense (Factory New),gun_FN
CZ75-Auto | Hydraulics (Factory New),gun_FN
SCAR-20 | Sirocco Script (Factory New),gun_FN
MP9 | Dune Asp (Factory New),gun_FN
XM1014 | Black Site (Factory New),gun_FN
M4A4 | Dark Operative (Factory New),gun_FN
SCAR-20 | Arctic Camo Panels (Factory New),gun_FN
Sawed-Off | Lunar Wyrm (Factory New),gun_FN
P250 | Lotus Imprint (Factory New),gun_FN
MP7 | Base-2 (Factory New),gun_FN
AK-47 | Consequence of the Jinn (Factory New),gun_FN
AWP | Black Box (Factory New),gun_FN
R8 Revolver | Monarch (Factory New),gun_FN
Tec-9 | Perimeter (Factory New),gun_FN
MAC-10 | Video Cam (Factory New),gun_FN
AUG | Lapis Lazuli (Factory New),gun_FN
Desert Eagle | Eastern Enigma (Factory New),gun_FN
M4A4 | Falak (Factory New),gun_FN
AUG | Signal Scanner (Factory New),gun_FN
Glock-18 | Ifrit Lattice (Factory New),gun_FN
MP9 | Spy Prototype (Factory New),gun_FN
M4A1-S | Fatal Glitch (Factory New),gun_FN
USP-S | Spiral Glitch (Factory New),gun_FN
AWP | Sovereign Flame (Factory New),gun_FN
Glock-18 | Ghost Protocol (Factory New),gun_FN
AK-47 | AUTOEXEC (Factory New),gun_FN
