规则,状态,建议持有,饰品,品类,价格,7日%,30日%,距60日高%,60日回撤分位,距30日低点天数,MA7/MA30%,短/长波动比,7日波动%,偏离MA90%,距14日低反弹%,RSI14,择时,ML分位10,ML分位14
M3 远离MA90+止跌(抗熊市),active,14天,MAC-10 | Last Dive (Factory New),gun_FN,16.28,-9.1,-51.0,-67.8,0.02,0,-27.1,0.22,0.7,-56.4,8.5,19.0,—,69.0,45.0
M3 远离MA90+止跌(抗熊市),active,14天,FAMAS | Crypsis (Factory New),gun_FN,7.75,-11.6,-55.2,-66.8,0.03,0,-25.7,0.24,1.4,-58.2,0.0,3.0,—,93.0,86.0
M3 远离MA90+止跌(抗熊市),active,14天,Galil AR | Akoben (Factory New),gun_FN,9.69,-17.7,-54.1,-64.8,0.05,0,-26.9,0.37,2.1,-56.4,7.7,16.0,—,85.0,85.0
M3 远离MA90+止跌(抗熊市),active,14天,M4A4 | Poly Mag (Factory New),gun_FN,5.8,-8.9,-38.8,-62.5,0.05,0,-23.6,0.59,1.5,-46.0,5.5,3.0,—,77.0,94.0
M3 远离MA90+止跌(抗熊市),active,14天,Desert Eagle | Mudder (Factory New),gun_FN,37.65,-17.8,-48.6,-59.0,0.08,0,-24.7,0.53,2.6,-50.2,7.6,13.0,—,95.0,75.0
M3 远离MA90+止跌(抗熊市),active,14天,Tec-9 | Urban DDPAT (Factory New),gun_FN,8.67,-8.0,-40.4,-58.7,0.08,0,-19.6,0.82,1.8,-48.2,8.8,1.0,—,26.0,63.0
M3 远离MA90+止跌(抗熊市),active,14天,Glock-18 | Winterized (Factory New),gun_FN,5.66,-10.2,-45.5,-57.2,0.1,1,-22.4,1.95,4.9,-51.9,6.8,18.0,—,77.0,72.0
M3 远离MA90+止跌(抗熊市),active,14天,P2000 | Scorpion (Factory New),gun_FN,309.0,-6.6,-39.3,-57.0,0.1,9,-14.1,1.43,5.8,-45.6,8.4,41.0,—,96.0,98.0
M3 远离MA90+止跌(抗熊市),active,14天,USP-S | 27 (Factory New),gun_FN,27.1,-9.2,-45.8,-56.9,0.1,0,-23.0,0.5,2.6,-48.0,5.6,4.0,—,68.0,70.0
M3 远离MA90+止跌(抗熊市),active,14天,Desert Eagle | Trigger Discipline (Factory New),gun_FN,36.9,-11.7,-39.9,-56.5,0.11,0,-13.7,0.49,1.7,-41.0,5.4,34.0,—,82.0,92.0
M3 远离MA90+止跌(抗熊市),active,14天,P250 | Steel Disruption (Factory New),gun_FN,33.46,-1.7,-46.6,-56.1,0.11,8,-20.5,0.86,2.9,-49.2,4.6,25.0,—,64.0,56.0
M3 远离MA90+止跌(抗熊市),active,14天,Five-SeveN | Flame Test (Factory New),gun_FN,3.59,-0.3,-31.5,-55.7,0.12,5,-9.6,0.75,3.9,-45.4,5.6,43.0,—,49.0,86.0
M3 远离MA90+止跌(抗熊市),active,14天,AUG | Amber Fade (Factory New),gun_FN,17.69,-8.2,-44.7,-55.5,0.12,1,-21.9,0.74,1.7,-48.4,4.1,8.0,—,88.0,64.0
M3 远离MA90+止跌(抗熊市),active,14天,CZ75-Auto | Pole Position (Factory New),gun_FN,19.89,-8.7,-31.5,-55.0,0.12,0,-14.5,0.42,1.3,-43.5,4.7,7.0,—,86.0,96.0
M3 远离MA90+止跌(抗熊市),active,14天,AUG | Radiation Hazard (Factory New),gun_FN,31.0,-4.9,-35.2,-54.8,0.12,2,-13.6,1.81,6.5,-49.3,5.8,28.0,—,96.0,100.0
M3 远离MA90+止跌(抗熊市),active,14天,P250 | Ripple (Factory New),gun_FN,4.53,-4.8,-42.7,-54.6,0.13,0,-19.0,1.36,3.5,-51.8,4.9,17.0,—,86.0,95.0
M3 远离MA90+止跌(抗熊市),active,14天,Tec-9 | Rust Leaf (Factory New),gun_FN,84.0,-1.2,-26.3,-53.3,0.15,0,-12.3,0.66,2.1,-38.3,5.0,16.0,—,48.0,58.0
M3 远离MA90+止跌(抗熊市),active,14天,MP7 | Fade (Factory New),gun_FN,68.4,-12.9,-41.2,-53.2,0.15,0,-18.0,0.52,1.6,-44.7,3.6,20.0,—,96.0,97.0
M3 远离MA90+止跌(抗熊市),active,14天,PP-Bizon | Sand Dashed (Factory New),gun_FN,4.35,-15.2,-41.8,-53.0,0.15,0,-24.9,0.5,1.4,-41.4,8.7,1.0,—,82.0,92.0
M3 远离MA90+止跌(抗熊市),active,14天,SG 553 | Phantom (Factory New),gun_FN,13.39,0.7,-39.4,-53.0,0.15,9,-11.7,0.51,2.4,-39.0,4.9,24.0,—,55.0,66.0
M3 远离MA90+止跌(抗熊市),active,14天,AK-47 | Uncharted (Factory New),gun_FN,11.77,-8.6,-33.9,-52.9,0.15,0,-14.3,0.33,1.1,-42.1,7.0,22.0,—,78.0,91.0
M3 远离MA90+止跌(抗熊市),active,14天,AWP | Capillary (Factory New),gun_FN,36.3,-14.8,-42.6,-52.9,0.15,1,-14.6,0.55,2.3,-45.5,3.7,38.0,—,80.0,91.0
M3 远离MA90+止跌(抗熊市),active,14天,M4A4 | Etch Lord (Factory New),gun_FN,18.83,-5.8,-43.6,-52.9,0.15,0,-22.1,0.5,1.3,-46.4,4.6,15.0,—,43.0,76.0
M3 远离MA90+止跌(抗熊市),active,14天,AWP | Phobos (Factory New),gun_FN,34.9,-11.6,-29.9,-52.8,0.16,10,-7.6,0.98,4.1,-43.6,9.1,45.0,—,89.0,89.0
M3 远离MA90+止跌(抗熊市),active,14天,Five-SeveN | Copper Galaxy (Factory New),gun_FN,107.9,3.3,-37.6,-52.8,0.16,7,-16.5,1.09,5.8,-40.6,7.9,40.0,—,59.0,94.0
M3 远离MA90+止跌(抗熊市),active,14天,FAMAS | Hexane (Factory New),gun_FN,56.29,-5.0,-47.6,-52.7,0.16,9,-25.2,0.32,1.7,-45.8,4.3,17.0,—,26.0,24.0
M3 远离MA90+止跌(抗熊市),active,14天,SSG 08 | Ghost Crusader (Factory New),gun_FN,54.84,-4.9,-41.0,-52.3,0.16,1,-18.0,1.32,4.9,-44.3,5.5,41.0,—,50.0,53.0
M3 远离MA90+止跌(抗熊市),active,14天,PP-Bizon | Cobalt Halftone (Factory New),gun_FN,41.94,5.1,-29.8,-52.1,0.16,9,-14.3,0.74,2.5,-46.1,5.1,28.0,—,62.0,52.0
M3 远离MA90+止跌(抗熊市),active,14天,Galil AR | Destroyer (Factory New),gun_FN,1.82,-1.6,-35.7,-51.7,0.17,3,-19.6,0.57,2.9,-42.6,7.1,37.0,—,45.0,88.0
M3 远离MA90+止跌(抗熊市),active,14天,P250 | Sand Dune (Factory New),gun_FN,4.19,-16.5,-36.4,-50.6,0.18,2,-26.5,1.22,5.1,-43.9,8.3,11.0,—,79.0,98.0
M3 远离MA90+止跌(抗熊市),active,14天,R8 Revolver | Inlay (Factory New),gun_FN,1.73,-12.6,-43.8,-50.0,0.19,0,-27.6,0.26,1.6,-39.9,7.5,15.0,—,77.0,90.0
M3 远离MA90+止跌(抗熊市),active,14天,USP-S | Black Lotus (Factory New),gun_FN,140.0,-21.8,-39.7,-50.0,0.19,0,-19.4,0.67,2.5,-42.2,7.7,13.0,—,96.0,95.0
M3 远离MA90+止跌(抗熊市),active,14天,Five-SeveN | Urban Hazard (Factory New),gun_FN,19.65,0.9,-34.5,-49.5,0.2,2,-15.9,0.83,3.0,-38.6,9.2,32.0,—,40.0,61.0
M3 远离MA90+止跌(抗熊市),active,14天,MP5-SD | Desert Strike (Factory New),gun_FN,4.8,-2.0,-26.0,-49.5,0.2,3,-10.0,1.59,4.5,-38.3,8.1,33.0,—,16.0,73.0
M3 远离MA90+止跌(抗熊市),active,14天,Galil AR | Black Sand (Factory New),gun_FN,74.49,-14.8,-44.6,-49.1,0.2,0,-16.3,1.34,6.3,-43.3,6.4,27.0,—,95.0,93.0
M3 远离MA90+止跌(抗熊市),active,14天,P2000 | Oceanic (Factory New),gun_FN,11.64,-3.5,-36.4,-48.9,0.21,13,-12.1,0.57,2.7,-38.7,3.7,51.0,—,37.0,54.0
M3 远离MA90+止跌(抗熊市),active,14天,R8 Revolver | Bone Forged (Factory New),gun_FN,2.36,-8.2,-38.7,-48.7,0.21,1,-23.5,0.71,2.6,-46.0,3.5,4.0,—,74.0,92.0
M3 远离MA90+止跌(抗熊市),active,14天,USP-S | Guardian (Factory New),gun_FN,30.69,-6.7,-33.0,-48.7,0.21,0,-13.6,0.93,3.0,-41.5,5.8,27.0,—,76.0,92.0
M3 远离MA90+止跌(抗熊市),active,14天,Glock-18 | Off World (Factory New),gun_FN,35.78,-5.5,-35.4,-48.4,0.22,9,-10.1,0.62,2.5,-39.8,8.4,40.0,—,66.0,74.0
M3 远离MA90+止跌(抗熊市),active,14天,UMP-45 | Urban DDPAT (Factory New),gun_FN,3.24,-19.0,-32.8,-48.3,0.22,0,-20.0,0.16,1.0,-43.3,8.0,27.0,—,90.0,100.0
M3 远离MA90+止跌(抗熊市),active,14天,M4A4 | Griffin (Factory New),gun_FN,445.61,-20.4,-42.5,-48.2,0.22,0,-15.1,0.72,2.7,-41.4,4.6,23.0,—,99.0,99.0
M3 远离MA90+止跌(抗熊市),active,14天,Tec-9 | Garter-9 (Factory New),gun_FN,0.85,-13.3,-34.6,-48.2,0.22,8,-16.7,0.66,3.9,-40.5,3.7,36.0,—,76.0,99.0
M3 远离MA90+止跌(抗熊市),active,14天,USP-S | Check Engine (Factory New),gun_FN,8.26,-4.8,-37.9,-48.0,0.23,4,-16.5,0.96,3.4,-39.7,3.2,28.0,—,43.0,72.0
M3 远离MA90+止跌(抗熊市),active,14天,Desert Eagle | Oxide Blaze (Factory New),gun_FN,6.0,-11.2,-33.3,-47.8,0.23,0,-7.8,0.96,2.8,-42.3,3.4,32.0,—,84.0,91.0
M3 远离MA90+止跌(抗熊市),active,14天,AUG | Navy Murano (Factory New),gun_FN,68.68,-3.4,-23.5,-47.6,0.23,8,-18.8,0.28,2.0,-42.9,5.7,27.0,—,36.0,83.0
M3 远离MA90+止跌(抗熊市),active,14天,AWP | Mortis (Factory New),gun_FN,69.2,-11.0,-31.8,-47.6,0.23,1,-13.0,0.55,2.6,-38.3,3.6,34.0,—,81.0,72.0
M3 远离MA90+止跌(抗熊市),active,14天,AWP | Safari Mesh (Factory New),gun_FN,39.49,-7.0,-34.7,-47.3,0.24,9,-16.4,0.6,1.9,-39.7,3.6,36.0,—,84.0,84.0
M3 远离MA90+止跌(抗熊市),active,14天,Desert Eagle | Blue Ply (Factory New),gun_FN,22.5,-0.9,-35.7,-46.8,0.24,11,-10.3,0.94,2.4,-39.4,7.1,53.0,—,65.0,67.0
M3 远离MA90+止跌(抗熊市),active,14天,Five-SeveN | Boost Protocol (Factory New),gun_FN,60.56,-15.3,-33.8,-46.8,0.24,0,-12.9,0.4,1.2,-39.1,4.4,23.0,—,97.0,98.0
M3 远离MA90+止跌(抗熊市),active,14天,M4A4 | Naval Shred Camo (Factory New),gun_FN,1.26,3.3,-35.4,-46.8,0.24,7,-17.1,0.59,4.7,-38.7,8.6,44.0,—,60.0,100.0
M3 远离MA90+止跌(抗熊市),active,14天,Desert Eagle | Bronze Deco (Factory New),gun_FN,4.49,-7.8,-23.5,-46.5,0.25,0,-8.1,1.08,4.3,-38.2,4.9,41.0,—,75.0,92.0
M3 远离MA90+止跌(抗熊市),active,14天,MP5-SD | Statics (Factory New),gun_FN,7.13,-21.1,-43.4,-46.4,0.25,0,-19.5,0.67,2.0,-41.1,4.9,14.0,—,84.0,96.0
M3 远离MA90+止跌(抗熊市),active,14天,SSG 08 | Dezastre (Factory New),gun_FN,3.0,-13.5,-32.6,-46.3,0.25,1,-21.8,0.59,2.4,-38.0,5.3,2.0,—,71.0,94.0
M3 远离MA90+止跌(抗熊市),active,14天,Galil AR | Cold Fusion (Factory New),gun_FN,3.2,-2.4,-21.4,-46.2,0.25,1,-12.9,0.43,1.0,-39.3,8.5,16.0,—,26.0,81.0
M3 远离MA90+止跌(抗熊市),active,14天,MAC-10 | Malachite (Factory New),gun_FN,37.89,-6.1,-36.8,-45.9,0.26,2,-17.8,0.66,2.2,-40.1,8.6,24.0,—,48.0,79.0
M3 远离MA90+止跌(抗熊市),active,14天,Dual Berettas | Stained (Factory New),gun_FN,4.24,5.0,-34.2,-45.1,0.26,1,-20.1,1.08,5.7,-38.4,6.3,23.0,—,11.0,94.0
M3 远离MA90+止跌(抗熊市),active,14天,SG 553 | Anodized Navy (Factory New),gun_FN,2.17,-10.0,-33.2,-45.1,0.27,1,-17.9,0.62,1.4,-41.4,3.3,0.0,—,90.0,88.0
M3 远离MA90+止跌(抗熊市),active,14天,FAMAS | Meow 36 (Factory New),gun_FN,4.78,-0.6,-28.8,-45.0,0.27,2,-13.8,0.32,0.8,-39.8,6.2,7.0,—,37.0,55.0
M3 远离MA90+止跌(抗熊市),active,14天,M4A4 | Sheet Lightning (Factory New),gun_FN,26.0,-8.3,-39.4,-44.6,0.28,0,-16.7,0.67,1.3,-40.2,4.1,8.0,—,85.0,64.0
M3 远离MA90+止跌(抗熊市),active,14天,PP-Bizon | Photic Zone (Factory New),gun_FN,14.69,-2.3,-40.6,-43.5,0.29,1,-18.8,1.41,3.4,-39.9,7.3,30.0,—,16.0,74.0
M3 远离MA90+止跌(抗熊市),active,14天,Sawed-Off | Snake Camo (Factory New),gun_FN,5.15,-12.3,-36.8,-41.5,0.32,1,-23.0,0.37,2.1,-40.1,3.2,22.0,—,59.0,95.0
