signal_date,rule_id,name,cat,H,price_signal,mkt_ok,ml_pct,entry_date,entry_price,exit_date,exit_price,net_ret,status,logged_at
2026-09-22,M3,AWP | Atheris (Factory New),gun_FN,14,193.9900,True,,2026-09-23,203.1000,2026-10-07,,-0.2588,open,2026-09-27 12:57:44
2026-09-22,M3,AWP | Phobos (Factory New),gun_FN,14,35.8000,True,,2026-09-23,39.0000,2026-10-07,,-0.1275,open,2026-09-27 12:57:44
2026-09-22,M3,CZ75-Auto | Pole Position (Factory New),gun_FN,14,22.8400,True,,2026-09-23,22.0700,2026-10-07,,-0.1213,open,2026-09-27 12:57:44
2026-09-22,M3,Desert Eagle | Blue Ply (Factory New),gun_FN,14,22.0700,True,,2026-09-23,22.8000,2026-10-07,,-0.0378,open,2026-09-27 12:57:44
2026-09-22,M3,Desert Eagle | The Bronze (Factory New),gun_FN,14,143.5000,True,,2026-09-23,148.0000,2026-10-07,,-0.1370,open,2026-09-27 12:57:44
2026-09-22,M3,FAMAS | CaliCamo (Factory New),gun_FN,14,18.7900,True,,2026-09-23,19.8700,2026-10-07,,-0.2056,open,2026-09-27 12:57:44
2026-09-22,M3,FAMAS | Crypsis (Factory New),gun_FN,14,8.6500,True,,2026-09-23,8.7100,2026-10-07,,-0.1325,open,2026-09-27 12:57:44
2026-09-22,M3,FAMAS | Night Borre (Factory New),gun_FN,14,69.6000,True,,2026-09-23,68.8000,2026-10-07,,-0.0804,open,2026-09-27 12:57:44
2026-09-22,M3,FAMAS | ZX Spectron (Factory New),gun_FN,14,152.9900,True,,2026-09-23,153.5000,2026-10-07,,-0.1489,open,2026-09-27 12:57:44
2026-09-22,M3,Five-SeveN | Boost Protocol (Factory New),gun_FN,14,66.5000,True,,2026-09-23,67.5700,2026-10-07,,-0.1262,open,2026-09-27 12:57:44
2026-09-22,M3,Galil AR | Black Sand (Factory New),gun_FN,14,83.4500,True,,2026-09-23,83.9000,2026-10-07,,-0.1344,open,2026-09-27 12:57:44
2026-09-22,M3,Galil AR | Crimson Tsunami (Factory New),gun_FN,14,40.5000,True,,2026-09-23,37.8800,2026-10-07,,0.0038,open,2026-09-27 12:57:44
2026-09-22,M3,Galil AR | Signal (Factory New),gun_FN,14,13.6900,True,,2026-09-23,13.4900,2026-10-07,,-0.1840,open,2026-09-27 12:57:44
2026-09-22,M3,Glock-18 | Glockingbird (Factory New),gun_FN,14,20.4900,True,,2026-09-23,20.7000,2026-10-07,,-0.1055,open,2026-09-27 12:57:44
2026-09-22,M3,Glock-18 | Green Line (Factory New),gun_FN,14,42.5000,True,,2026-09-23,42.3000,2026-10-07,,-0.1695,open,2026-09-27 12:57:44
2026-09-22,M3,Glock-18 | Nuclear Garden (Factory New),gun_FN,14,258.5000,True,,2026-09-23,270.0000,2026-10-07,,-0.1839,open,2026-09-27 12:57:44
2026-09-22,M3,M4A1-S | Fizzy POP (Factory New),gun_FN,14,78.0000,True,,2026-09-23,78.0000,2026-10-07,,-0.1875,open,2026-09-27 12:57:44
2026-09-22,M3,MAC-10 | Button Masher (Factory New),gun_FN,14,20.9000,True,,2026-09-23,20.8000,2026-10-07,,-0.1745,open,2026-09-27 12:57:44
2026-09-22,M3,MAC-10 | Last Dive (Factory New),gun_FN,14,20.9500,True,,2026-09-23,18.3200,2026-10-07,,-0.1336,open,2026-09-27 12:57:44
2026-09-22,M3,MAC-10 | Malachite (Factory New),gun_FN,14,41.2700,True,,2026-09-23,40.7800,2026-10-07,,-0.0941,open,2026-09-27 12:57:44
2026-09-22,M3,MP7 | Cirrus (Factory New),gun_FN,14,61.9900,True,,2026-09-23,64.6200,2026-10-07,,-0.1701,open,2026-09-27 12:57:44
2026-09-22,M3,MP7 | Urban Hazard (Factory New),gun_FN,14,8.3100,True,,2026-09-23,8.1700,2026-10-07,,-0.0811,open,2026-09-27 12:57:44
2026-09-22,M3,MP9 | Sand Scale (Factory New),gun_FN,14,32.6800,True,,2026-09-23,33.6600,2026-10-07,,-0.1629,open,2026-09-27 12:57:44
2026-09-22,M3,P250 | Cyber Shell (Factory New),gun_FN,14,25.7100,True,,2026-09-23,24.4400,2026-10-07,,-0.1503,open,2026-09-27 12:57:44
2026-09-22,M3,P250 | Nevermore (Factory New),gun_FN,14,13.0000,True,,2026-09-23,12.7800,2026-10-07,,-0.1013,open,2026-09-27 12:57:44
2026-09-22,M3,P250 | Ripple (Factory New),gun_FN,14,5.2500,True,,2026-09-23,4.7900,2026-10-07,,-0.0779,open,2026-09-27 12:57:44
2026-09-22,M3,P90 | Elite Build (Factory New),gun_FN,14,10.3800,True,,2026-09-23,10.2800,2026-10-07,,-0.0591,open,2026-09-27 12:57:44
2026-09-22,M3,PP-Bizon | Photic Zone (Factory New),gun_FN,14,15.6800,True,,2026-09-23,15.2500,2026-10-07,,-0.0608,open,2026-09-27 12:57:44
2026-09-22,M3,R8 Revolver | Survivalist (Factory New),gun_FN,14,9.1600,True,,2026-09-23,8.8900,2026-10-07,,-0.1742,open,2026-09-27 12:57:44
2026-09-22,M3,Tec-9 | Blast From the Past (Factory New),gun_FN,14,46.4600,True,,2026-09-23,45.0000,2026-10-07,,-0.0417,open,2026-09-27 12:57:44
2026-09-22,M3,Tec-9 | Flash Out (Factory New),gun_FN,14,23.5600,True,,2026-09-23,24.3700,2026-10-07,,-0.2502,open,2026-09-27 12:57:44
2026-09-22,M3,Tec-9 | Ice Cap (Factory New),gun_FN,14,7.4800,True,,2026-09-23,6.9900,2026-10-07,,0.0615,open,2026-09-27 12:57:44
2026-09-22,M3,Tec-9 | Rust Leaf (Factory New),gun_FN,14,85.0000,True,,2026-09-23,85.0000,2026-10-07,,-0.0365,open,2026-09-27 12:57:44
2026-09-22,M3,Tec-9 | Urban DDPAT (Factory New),gun_FN,14,9.5300,True,,2026-09-23,9.5000,2026-10-07,,-0.1102,open,2026-09-27 12:57:44
2026-09-22,M3,USP-S | Cyrex (Factory New),gun_FN,14,222.4900,True,,2026-09-23,237.2900,2026-10-07,,-0.2225,open,2026-09-27 12:57:44
2026-09-22,M3,USP-S | Night Ops (Factory New),gun_FN,14,12.8900,True,,2026-09-23,12.4700,2026-10-07,,-0.3049,open,2026-09-27 12:57:44
2026-09-26,M3,AK-47 | Steel Delta (Factory New),gun_FN,14,62.8700,True,79.0000,2026-09-27,61.9000,2026-10-11,,-0.1983,open,2026-09-27 22:20:16
2026-09-26,M3,AUG | Navy Murano (Factory New),gun_FN,14,70.0000,True,84.0000,2026-09-27,70.0000,2026-10-11,,-0.0434,open,2026-09-27 22:20:16
2026-09-26,M3,AWP | Acheron (Factory New),gun_FN,14,59.4600,True,88.0000,2026-09-27,57.8000,2026-10-11,,-0.2478,open,2026-09-27 22:20:16
2026-09-26,M3,AWP | Black Nile (Factory New),gun_FN,14,101.2000,True,82.0000,2026-09-27,98.9000,2026-10-11,,-0.1916,open,2026-09-27 22:20:16
2026-09-26,M3,AWP | Safari Mesh (Factory New),gun_FN,14,40.8000,True,89.0000,2026-09-27,39.9000,2026-10-11,,-0.0350,open,2026-09-27 22:20:16
2026-09-26,M3,Desert Eagle | Blue Ply (Factory New),gun_FN,14,22.6900,True,88.0000,2026-09-27,21.8900,2026-10-11,,0.0022,open,2026-09-27 22:20:16
2026-09-26,M3,Desert Eagle | Calligraffiti (Factory New),gun_FN,14,32.4300,True,83.0000,2026-09-27,31.0000,2026-10-11,,-0.0933,open,2026-09-27 22:20:16
2026-09-26,M3,Desert Eagle | Sputnik (Factory New),gun_FN,14,59.8000,True,76.0000,2026-09-27,56.9000,2026-10-11,,-0.1489,open,2026-09-27 22:20:16
2026-09-26,M3,Desert Eagle | The Bronze (Factory New),gun_FN,14,146.4600,True,93.0000,2026-09-27,143.0700,2026-10-11,,-0.1073,open,2026-09-27 22:20:16
2026-09-26,M3,Desert Eagle | Trigger Discipline (Factory New),gun_FN,14,40.0000,True,93.0000,2026-09-27,39.4000,2026-10-11,,-0.0869,open,2026-09-27 22:20:16
2026-09-26,M3,Desert Eagle | Urban Rubble (Factory New),gun_FN,14,4.0800,True,81.0000,2026-09-27,4.0800,2026-10-11,,0.0252,open,2026-09-27 22:20:16
2026-09-26,M3,FAMAS | CaliCamo (Factory New),gun_FN,14,18.8000,True,72.0000,2026-09-27,19.4500,2026-10-11,,-0.1884,open,2026-09-27 22:20:16
2026-09-26,M3,FAMAS | Colony (Factory New),gun_FN,14,7.4800,True,91.0000,2026-09-27,7.4500,2026-10-11,,-0.0931,open,2026-09-27 22:20:16
2026-09-26,M3,FAMAS | Crypsis (Factory New),gun_FN,14,8.6900,True,98.0000,2026-09-27,8.5500,2026-10-11,,-0.1162,open,2026-09-27 22:20:16
2026-09-26,M3,FAMAS | Meow 36 (Factory New),gun_FN,14,4.8800,True,98.0000,2026-09-27,4.8100,2026-10-11,,-0.0311,open,2026-09-27 22:20:16
2026-09-26,M3,Five-SeveN | Forest Night (Factory New),gun_FN,14,10.5000,True,71.0000,2026-09-27,9.9700,2026-10-11,,-0.0260,open,2026-09-27 22:20:16
2026-09-26,M3,Five-SeveN | Nightshade (Factory New),gun_FN,14,97.7300,True,88.0000,2026-09-27,95.6900,2026-10-11,,-0.1034,open,2026-09-27 22:20:16
2026-09-26,M3,Five-SeveN | Retrobution (Factory New),gun_FN,14,68.9000,True,75.0000,2026-09-27,68.7000,2026-10-11,,-0.0706,open,2026-09-27 22:20:16
2026-09-26,M3,Five-SeveN | Scumbria (Factory New),gun_FN,14,32.1600,True,77.0000,2026-09-27,32.1600,2026-10-11,,-0.1105,open,2026-09-27 22:20:16
2026-09-26,M3,Five-SeveN | Triumvirate (Factory New),gun_FN,14,85.4200,True,94.0000,2026-09-27,85.1200,2026-10-11,,-0.1009,open,2026-09-27 22:20:16
2026-09-26,M3,Five-SeveN | Urban Hazard (Factory New),gun_FN,14,19.1100,True,94.0000,2026-09-27,19.7800,2026-10-11,,-0.0314,open,2026-09-27 22:20:16
2026-09-26,M3,Galil AR | Connexion (Factory New),gun_FN,14,13.2000,True,92.0000,2026-09-27,13.3000,2026-10-11,,-0.0323,open,2026-09-27 22:20:16
2026-09-26,M3,Galil AR | Crimson Tsunami (Factory New),gun_FN,14,38.4700,True,80.0000,2026-09-27,39.8900,2026-10-11,,-0.0468,open,2026-09-27 22:20:16
2026-09-26,M3,Galil AR | Destroyer (Factory New),gun_FN,14,1.8500,True,99.0000,2026-09-27,1.8500,2026-10-11,,-0.0408,open,2026-09-27 22:20:16
2026-09-26,M3,Galil AR | Sage Spray (Factory New),gun_FN,14,8.6800,True,90.0000,2026-09-27,8.7100,2026-10-11,,-0.1045,open,2026-09-27 22:20:16
2026-09-26,M3,Galil AR | Signal (Factory New),gun_FN,14,13.4900,True,71.0000,2026-09-27,13.0000,2026-10-11,,-0.1533,open,2026-09-27 22:20:16
2026-09-26,M3,Galil AR | Vandal (Factory New),gun_FN,14,75.6500,True,92.0000,2026-09-27,75.3500,2026-10-11,,-0.1723,open,2026-09-27 22:20:16
2026-09-26,M3,Glock-18 | Clear Polymer (Factory New),gun_FN,14,18.9000,True,90.0000,2026-09-27,19.2400,2026-10-11,,-0.0042,open,2026-09-27 22:20:16
2026-09-26,M3,Glock-18 | Sacrifice (Factory New),gun_FN,14,49.0000,True,94.0000,2026-09-27,49.2500,2026-10-11,,-0.1539,open,2026-09-27 22:20:16
2026-09-26,M3,Glock-18 | Teal Graf (Factory New),gun_FN,14,3.2900,True,98.0000,2026-09-27,3.2600,2026-10-11,,-0.0519,open,2026-09-27 22:20:16
2026-09-26,M3,Glock-18 | Wraiths (Factory New),gun_FN,14,36.8800,True,75.0000,2026-09-27,35.9000,2026-10-11,,-0.1038,open,2026-09-27 22:20:16
2026-09-26,M3,M4A1-S | Nitro (Factory New),gun_FN,14,76.4000,True,88.0000,2026-09-27,76.3000,2026-10-11,,-0.1835,open,2026-09-27 22:20:16
2026-09-26,M3,M4A4 | Naval Shred Camo (Factory New),gun_FN,14,1.2600,True,99.0000,2026-09-27,1.3400,2026-10-11,,-0.0832,open,2026-09-27 22:20:16
2026-09-26,M3,M4A4 | Steel Work (Factory New),gun_FN,14,1.0900,True,100.0000,2026-09-27,1.0600,2026-10-11,,-0.0066,open,2026-09-27 22:20:16
2026-09-26,M3,MAC-10 | Button Masher (Factory New),gun_FN,14,20.9700,True,55.0000,2026-09-27,20.7300,2026-10-11,,-0.1717,open,2026-09-27 22:20:16
2026-09-26,M3,MAC-10 | Malachite (Factory New),gun_FN,14,38.6000,True,93.0000,2026-09-27,38.3000,2026-10-11,,-0.0354,open,2026-09-27 22:20:16
2026-09-26,M3,MAC-10 | Monkeyflage (Factory New),gun_FN,14,3.8700,True,99.0000,2026-09-27,3.9000,2026-10-11,,-0.0250,open,2026-09-27 22:20:16
2026-09-26,M3,MAC-10 | Oceanic (Factory New),gun_FN,14,5.3300,True,83.0000,2026-09-27,4.9700,2026-10-11,,0.1084,open,2026-09-27 22:20:16
2026-09-26,M3,MP7 | Fade (Factory New),gun_FN,14,78.0000,True,54.0000,2026-09-27,76.7900,2026-10-11,,-0.1315,open,2026-09-27 22:20:16
2026-09-26,M3,MP9 | Bioleak (Factory New),gun_FN,14,2.9800,True,96.0000,2026-09-27,2.9300,2026-10-11,,0.0881,open,2026-09-27 22:20:16
2026-09-26,M3,MP9 | Dart (Factory New),gun_FN,14,18.4800,True,50.0000,2026-09-27,19.0900,2026-10-11,,0.0511,open,2026-09-27 22:20:16
2026-09-26,M3,MP9 | Modest Threat (Factory New),gun_FN,14,3.0300,True,85.0000,2026-09-27,2.8800,2026-10-11,,-0.0352,open,2026-09-27 22:20:16
2026-09-26,M3,P2000 | Pulse (Factory New),gun_FN,14,36.1700,True,94.0000,2026-09-27,36.2300,2026-10-11,,-0.0613,open,2026-09-27 22:20:16
2026-09-26,M3,P2000 | Red FragCam (Factory New),gun_FN,14,104.3200,True,83.0000,2026-09-27,103.8900,2026-10-11,,-0.0313,open,2026-09-27 22:20:16
2026-09-26,M3,P250 | Inferno (Factory New),gun_FN,14,48.4400,True,84.0000,2026-09-27,48.2500,2026-10-11,,-0.0579,open,2026-09-27 22:20:16
2026-09-26,M3,P250 | Nevermore (Factory New),gun_FN,14,13.2400,True,83.0000,2026-09-27,12.9700,2026-10-11,,-0.1145,open,2026-09-27 22:20:16
2026-09-26,M3,P250 | Sand Dune (Factory New),gun_FN,14,4.4900,True,99.0000,2026-09-27,4.4200,2026-10-11,,-0.0757,open,2026-09-27 22:20:16
2026-09-26,M3,P90 | Off World (Factory New),gun_FN,14,5.9300,True,88.0000,2026-09-27,5.9300,2026-10-11,,-0.1286,open,2026-09-27 22:20:16
2026-09-26,M3,PP-Bizon | Cobalt Halftone (Factory New),gun_FN,14,42.2400,True,87.0000,2026-09-27,43.1300,2026-10-11,,-0.0519,open,2026-09-27 22:20:16
2026-09-26,M3,PP-Bizon | Jungle Slipstream (Factory New),gun_FN,14,2.7000,True,87.0000,2026-09-27,2.6700,2026-10-11,,-0.0615,open,2026-09-27 22:20:16
2026-09-26,M3,SCAR-20 | Contractor (Factory New),gun_FN,14,1.9800,True,99.0000,2026-09-27,1.9900,2026-10-11,,-0.0446,open,2026-09-27 22:20:16
2026-09-26,M3,SSG 08 | Ghost Crusader (Factory New),gun_FN,14,54.9800,True,78.0000,2026-09-27,57.0000,2026-10-11,,-0.0619,open,2026-09-27 22:20:16
2026-09-26,M3,Tec-9 | Bamboozle (Factory New),gun_FN,14,43.4300,True,78.0000,2026-09-27,42.8900,2026-10-11,,-0.1798,open,2026-09-27 22:20:16
2026-09-26,M3,Tec-9 | Flash Out (Factory New),gun_FN,14,23.3200,True,87.0000,2026-09-27,23.1700,2026-10-11,,-0.2114,open,2026-09-27 22:20:16
2026-09-26,M3,Tec-9 | Groundwater (Factory New),gun_FN,14,7.5000,True,95.0000,2026-09-27,7.7500,2026-10-11,,-0.0288,open,2026-09-27 22:20:16
2026-09-26,M3,Tec-9 | Ice Cap (Factory New),gun_FN,14,7.3000,True,92.0000,2026-09-27,7.3800,2026-10-11,,0.0054,open,2026-09-27 22:20:16
2026-09-26,M3,Tec-9 | Rust Leaf (Factory New),gun_FN,14,86.5700,True,67.0000,2026-09-27,86.4700,2026-10-11,,-0.0529,open,2026-09-27 22:20:16
2026-09-26,M3,Tec-9 | Snek-9 (Factory New),gun_FN,14,29.3200,True,92.0000,2026-09-27,28.8900,2026-10-11,,-0.0763,open,2026-09-27 22:20:16
2026-09-26,M3,UMP-45 | Roadblock (Factory New),gun_FN,14,2.9500,True,100.0000,2026-09-27,2.9600,2026-10-11,,-0.0184,open,2026-09-27 22:20:16
2026-09-26,M3,USP-S | 27 (Factory New),gun_FN,14,29.3000,True,95.0000,2026-09-27,29.5600,2026-10-11,,-0.1061,open,2026-09-27 22:20:16
2026-09-26,M3,USP-S | Alpine Camo (Factory New),gun_FN,14,7.9800,True,76.0000,2026-09-27,7.8500,2026-10-11,,-0.0784,open,2026-09-27 22:20:16
2026-09-26,M3,USP-S | Check Engine (Factory New),gun_FN,14,8.6100,True,93.0000,2026-09-27,8.0000,2026-10-11,,0.0067,open,2026-09-27 22:20:16
2026-09-26,M3,USP-S | Cyrex (Factory New),gun_FN,14,232.1600,True,86.0000,2026-09-27,225.0000,2026-10-11,,-0.1800,open,2026-09-27 22:20:16
2026-09-26,M3,USP-S | Desert Tactical (Factory New),gun_FN,14,19.0800,True,72.0000,2026-09-27,18.5300,2026-10-11,,-0.0529,open,2026-09-27 22:20:16
2026-09-26,M3,XM1014 | CaliCamo (Factory New),gun_FN,14,1.2800,True,100.0000,2026-09-27,1.2700,2026-10-11,,-0.0096,open,2026-09-27 22:20:16
2026-09-27,M3,AUG | Navy Murano (Factory New),gun_FN,14,70.0000,True,96.0000,2026-09-28,70.0000,2026-10-12,,-0.0434,open,2026-09-28 10:03:02
2026-09-27,M3,AUG | Tom Cat (Factory New),gun_FN,14,3.7600,True,96.0000,2026-09-28,3.6800,2026-10-12,,-0.0992,open,2026-09-28 10:03:02
2026-09-27,M3,AWP | Acheron (Factory New),gun_FN,14,57.8000,True,91.0000,2026-09-28,53.0000,2026-10-12,,-0.1797,open,2026-09-28 10:03:02
2026-09-27,M3,AWP | Capillary (Factory New),gun_FN,14,39.9800,True,81.0000,2026-09-28,39.6500,2026-10-12,,-0.1074,open,2026-09-28 10:03:02
2026-09-27,M3,AWP | Safari Mesh (Factory New),gun_FN,14,39.9000,True,88.0000,2026-09-28,39.6900,2026-10-12,,-0.0299,open,2026-09-28 10:03:02
2026-09-27,M3,CZ75-Auto | Imprint (Factory New),gun_FN,14,12.6900,True,98.0000,2026-09-28,12.2400,2026-10-12,,-0.0561,open,2026-09-28 10:03:02
2026-09-27,M3,Desert Eagle | Blue Ply (Factory New),gun_FN,14,21.8900,True,84.0000,2026-09-28,21.6900,2026-10-12,,0.0114,open,2026-09-28 10:03:02
2026-09-27,M3,Desert Eagle | The Bronze (Factory New),gun_FN,14,143.0700,True,96.0000,2026-09-28,142.0000,2026-10-12,,-0.1005,open,2026-09-28 10:03:02
2026-09-27,M3,Desert Eagle | Trigger Discipline (Factory New),gun_FN,14,39.4000,True,96.0000,2026-09-28,37.7000,2026-10-12,,-0.0457,open,2026-09-28 10:03:02
2026-09-27,M3,Desert Eagle | Urban Rubble (Factory New),gun_FN,14,4.0800,True,86.0000,2026-09-28,4.3100,2026-10-12,,-0.0295,open,2026-09-28 10:03:02
2026-09-27,M3,Dual Berettas | Contractor (Factory New),gun_FN,14,2.5800,True,99.0000,2026-09-28,2.3000,2026-10-12,,-0.1140,open,2026-09-28 10:03:02
2026-09-27,M3,Dual Berettas | Royal Consorts (Factory New),gun_FN,14,150.6700,True,94.0000,2026-09-28,147.8500,2026-10-12,,-0.1163,open,2026-09-28 10:03:02
2026-09-27,M3,FAMAS | Colony (Factory New),gun_FN,14,7.4500,True,86.0000,2026-09-28,7.2900,2026-10-12,,-0.0731,open,2026-09-28 10:03:02
2026-09-27,M3,FAMAS | Crypsis (Factory New),gun_FN,14,8.5500,True,92.0000,2026-09-28,8.3100,2026-10-12,,-0.0907,open,2026-09-28 10:03:02
2026-09-27,M3,FAMAS | Meow 36 (Factory New),gun_FN,14,4.8100,True,96.0000,2026-09-28,4.7900,2026-10-12,,-0.0270,open,2026-09-28 10:03:02
2026-09-27,M3,Five-SeveN | Buddy (Factory New),gun_FN,14,23.2700,True,79.0000,2026-09-28,23.0000,2026-10-12,,-0.0721,open,2026-09-28 10:03:02
2026-09-27,M3,Five-SeveN | Nightshade (Factory New),gun_FN,14,95.6900,True,99.0000,2026-09-28,94.8300,2026-10-12,,-0.0952,open,2026-09-28 10:03:02
2026-09-27,M3,Five-SeveN | Scumbria (Factory New),gun_FN,14,32.1600,True,84.0000,2026-09-28,32.0300,2026-10-12,,-0.1069,open,2026-09-28 10:03:02
2026-09-27,M3,Five-SeveN | Triumvirate (Factory New),gun_FN,14,85.1200,True,99.0000,2026-09-28,83.5000,2026-10-12,,-0.0835,open,2026-09-28 10:03:02
2026-09-27,M3,Galil AR | Akoben (Factory New),gun_FN,14,11.2400,True,93.0000,2026-09-28,10.6500,2026-10-12,,-0.1129,open,2026-09-28 10:03:02
2026-09-27,M3,Galil AR | Cold Fusion (Factory New),gun_FN,14,3.2700,True,96.0000,2026-09-28,3.2200,2026-10-12,,-0.0311,open,2026-09-28 10:03:02
2026-09-27,M3,Galil AR | Connexion (Factory New),gun_FN,14,13.3000,True,86.0000,2026-09-28,13.7200,2026-10-12,,-0.0620,open,2026-09-28 10:03:02
2026-09-27,M3,Galil AR | Destroyer (Factory New),gun_FN,14,1.8500,True,99.0000,2026-09-28,1.7700,2026-10-12,,0.0025,open,2026-09-28 10:03:02
2026-09-27,M3,Galil AR | Sage Spray (Factory New),gun_FN,14,8.7100,True,83.0000,2026-09-28,8.7300,2026-10-12,,-0.1065,open,2026-09-28 10:03:02
2026-09-27,M3,Glock-18 | Bunsen Burner (Factory New),gun_FN,14,29.4000,True,89.0000,2026-09-28,28.1000,2026-10-12,,-0.1208,open,2026-09-28 10:03:02
2026-09-27,M3,M4A4 | Steel Work (Factory New),gun_FN,14,1.0600,True,100.0000,2026-09-28,1.0400,2026-10-12,,0.0125,open,2026-09-28 10:03:02
2026-09-27,M3,MAC-10 | Button Masher (Factory New),gun_FN,14,20.7300,True,62.0000,2026-09-28,19.9500,2026-10-12,,-0.1394,open,2026-09-28 10:03:02
2026-09-27,M3,MAC-10 | Malachite (Factory New),gun_FN,14,38.3000,True,73.0000,2026-09-28,38.2500,2026-10-12,,-0.0342,open,2026-09-28 10:03:02
2026-09-27,M3,MAC-10 | Monkeyflage (Factory New),gun_FN,14,3.9000,True,95.0000,2026-09-28,3.8900,2026-10-12,,-0.0225,open,2026-09-28 10:03:02
2026-09-27,M3,MAC-10 | Pipe Down (Factory New),gun_FN,14,33.0000,True,64.0000,2026-09-28,33.5000,2026-10-12,,-0.1010,open,2026-09-28 10:03:02
2026-09-27,M3,MAC-10 | Sienna Damask (Factory New),gun_FN,14,2.6400,True,77.0000,2026-09-28,2.5400,2026-10-12,,0.1823,open,2026-09-28 10:03:02
2026-09-27,M3,MP7 | Armor Core (Factory New),gun_FN,14,6.4600,True,91.0000,2026-09-28,6.4000,2026-10-12,,0.1243,open,2026-09-28 10:03:02
2026-09-27,M3,MP7 | Fade (Factory New),gun_FN,14,76.7900,True,71.0000,2026-09-28,74.0000,2026-10-12,,-0.0988,open,2026-09-28 10:03:02
2026-09-27,M3,MP9 | Orange Peel (Factory New),gun_FN,14,22.0300,True,53.0000,2026-09-28,24.8900,2026-10-12,,-0.0058,open,2026-09-28 10:03:02
2026-09-27,M3,MP9 | Sand Scale (Factory New),gun_FN,14,32.4500,True,82.0000,2026-09-28,32.5500,2026-10-12,,-0.1343,open,2026-09-28 10:03:02
2026-09-27,M3,P2000 | Pulse (Factory New),gun_FN,14,36.2300,True,95.0000,2026-09-28,36.8800,2026-10-12,,-0.0779,open,2026-09-28 10:03:02
2026-09-27,M3,P2000 | Red FragCam (Factory New),gun_FN,14,103.8900,True,77.0000,2026-09-28,103.3000,2026-10-12,,-0.0258,open,2026-09-28 10:03:02
2026-09-27,M3,P250 | Inferno (Factory New),gun_FN,14,48.2500,True,82.0000,2026-09-28,46.7900,2026-10-12,,-0.0285,open,2026-09-28 10:03:02
2026-09-27,M3,P250 | Nevermore (Factory New),gun_FN,14,12.9700,True,86.0000,2026-09-28,12.7100,2026-10-12,,-0.0963,open,2026-09-28 10:03:02
2026-09-27,M3,P250 | Wingshot (Factory New),gun_FN,14,41.8800,True,66.0000,2026-09-28,41.1400,2026-10-12,,-0.0425,open,2026-09-28 10:03:02
2026-09-27,M3,P90 | Off World (Factory New),gun_FN,14,5.9300,True,88.0000,2026-09-28,5.9100,2026-10-12,,-0.1256,open,2026-09-28 10:03:02
2026-09-27,M3,PP-Bizon | Cobalt Halftone (Factory New),gun_FN,14,43.1300,True,86.0000,2026-09-28,42.9700,2026-10-12,,-0.0484,open,2026-09-28 10:03:02
2026-09-27,M3,PP-Bizon | Jungle Slipstream (Factory New),gun_FN,14,2.6700,True,90.0000,2026-09-28,2.6500,2026-10-12,,-0.0544,open,2026-09-28 10:03:02
2026-09-27,M3,SCAR-20 | Contractor (Factory New),gun_FN,14,1.9900,True,95.0000,2026-09-28,1.9800,2026-10-12,,-0.0398,open,2026-09-28 10:03:02
2026-09-27,M3,SG 553 | Anodized Navy (Factory New),gun_FN,14,2.3000,True,97.0000,2026-09-28,2.2800,2026-10-12,,-0.0720,open,2026-09-28 10:03:02
2026-09-27,M3,SSG 08 | Ghost Crusader (Factory New),gun_FN,14,57.0000,True,80.0000,2026-09-28,56.5000,2026-10-12,,-0.0536,open,2026-09-28 10:03:02
2026-09-27,M3,SSG 08 | Necropos (Factory New),gun_FN,14,23.2900,True,98.0000,2026-09-28,22.2200,2026-10-12,,-0.1049,open,2026-09-28 10:03:02
2026-09-27,M3,Tec-9 | Bamboozle (Factory New),gun_FN,14,42.8900,True,79.0000,2026-09-28,41.9800,2026-10-12,,-0.1620,open,2026-09-28 10:03:02
2026-09-27,M3,Tec-9 | Flash Out (Factory New),gun_FN,14,23.1700,True,88.0000,2026-09-28,21.9800,2026-10-12,,-0.1687,open,2026-09-28 10:03:02
2026-09-27,M3,Tec-9 | Ice Cap (Factory New),gun_FN,14,7.3800,True,93.0000,2026-09-28,7.4600,2026-10-12,,-0.0054,open,2026-09-28 10:03:02
2026-09-27,M3,UMP-45 | Roadblock (Factory New),gun_FN,14,2.9600,True,99.0000,2026-09-28,2.9400,2026-10-12,,-0.0117,open,2026-09-28 10:03:02
2026-09-27,M3,USP-S | 27 (Factory New),gun_FN,14,29.5600,True,93.0000,2026-09-28,29.7600,2026-10-12,,-0.1121,open,2026-09-28 10:03:02
2026-09-27,M3,USP-S | Alpine Camo (Factory New),gun_FN,14,7.8500,True,76.0000,2026-09-28,7.8200,2026-10-12,,-0.0749,open,2026-09-28 10:03:02
2026-09-27,M3,USP-S | Cyrex (Factory New),gun_FN,14,225.0000,True,94.0000,2026-09-28,220.4900,2026-10-12,,-0.1632,open,2026-09-28 10:03:02
2026-09-27,M3,XM1014 | Black Tie (Factory New),gun_FN,14,17.4300,True,80.0000,2026-09-28,17.2000,2026-10-12,,-0.0720,open,2026-09-28 10:03:02
2026-09-27,M3,XM1014 | CaliCamo (Factory New),gun_FN,14,1.2700,True,100.0000,2026-09-28,1.2700,2026-10-12,,-0.0096,open,2026-09-28 10:03:02
2026-09-28,M3,AK-47 | Uncharted (Factory New),gun_FN,14,12.3700,True,88.0000,2026-09-29,12.0500,2026-10-13,,-0.0477,open,2026-09-29 10:00:56
2026-09-28,M3,AUG | Amber Fade (Factory New),gun_FN,14,18.6900,True,71.0000,2026-09-29,17.9000,2026-10-13,,-0.0364,open,2026-09-29 10:00:56
2026-09-28,M3,AUG | Condemned (Factory New),gun_FN,14,18.4500,True,93.0000,2026-09-29,19.0100,2026-10-13,,-0.0347,open,2026-09-29 10:00:56
2026-09-28,M3,AUG | Navy Murano (Factory New),gun_FN,14,70.0000,True,98.0000,2026-09-29,70.8600,2026-10-13,,-0.0550,open,2026-09-29 10:00:56
2026-09-28,M3,AWP | Capillary (Factory New),gun_FN,14,39.6500,True,89.0000,2026-09-29,37.5000,2026-10-13,,-0.0562,open,2026-09-29 10:00:56
2026-09-28,M3,AWP | Phobos (Factory New),gun_FN,14,35.1600,True,98.0000,2026-09-29,35.0000,2026-10-13,,-0.0278,open,2026-09-29 10:00:56
2026-09-28,M3,AWP | Safari Mesh (Factory New),gun_FN,14,39.6900,True,89.0000,2026-09-29,40.2300,2026-10-13,,-0.0429,open,2026-09-29 10:00:56
2026-09-28,M3,CZ75-Auto | Tread Plate (Factory New),gun_FN,14,46.8400,True,68.0000,2026-09-29,46.8500,2026-10-13,,-0.0635,open,2026-09-29 10:00:56
2026-09-28,M3,Desert Eagle | Blue Ply (Factory New),gun_FN,14,21.6900,True,85.0000,2026-09-29,22.0000,2026-10-13,,-0.0028,open,2026-09-29 10:00:56
2026-09-28,M3,Desert Eagle | Bronze Deco (Factory New),gun_FN,14,4.6000,True,96.0000,2026-09-29,4.7900,2026-10-13,,-0.0861,open,2026-09-29 10:00:56
2026-09-28,M3,Desert Eagle | Calligraffiti (Factory New),gun_FN,14,31.2000,True,77.0000,2026-09-29,30.7000,2026-10-13,,-0.0844,open,2026-09-29 10:00:56
2026-09-28,M3,Desert Eagle | Corinthian (Factory New),gun_FN,14,6.5000,True,84.0000,2026-09-29,6.0200,2026-10-13,,0.0527,open,2026-09-29 10:00:56
2026-09-28,M3,Dual Berettas | Royal Consorts (Factory New),gun_FN,14,147.8500,True,92.0000,2026-09-29,139.4300,2026-10-13,,-0.0630,open,2026-09-29 10:00:56
2026-09-28,M3,FAMAS | CaliCamo (Factory New),gun_FN,14,19.1400,True,41.0000,2026-09-29,18.3400,2026-10-13,,-0.1393,open,2026-09-29 10:00:56
2026-09-28,M3,FAMAS | Crypsis (Factory New),gun_FN,14,8.3100,True,92.0000,2026-09-29,8.2200,2026-10-13,,-0.0807,open,2026-09-29 10:00:56
2026-09-28,M3,FAMAS | Cyanospatter (Factory New),gun_FN,14,39.0000,True,97.0000,2026-09-29,36.9800,2026-10-13,,-0.0991,open,2026-09-29 10:00:56
2026-09-28,M3,FAMAS | Half Sleeve (Factory New),gun_FN,14,3.6700,True,93.0000,2026-09-29,3.6400,2026-10-13,,-0.0545,open,2026-09-29 10:00:56
2026-09-28,M3,FAMAS | Meow 36 (Factory New),gun_FN,14,4.7900,True,87.0000,2026-09-29,4.7800,2026-10-13,,-0.0250,open,2026-09-29 10:00:56
2026-09-28,M3,FAMAS | Night Borre (Factory New),gun_FN,14,68.2100,True,57.0000,2026-09-29,67.9000,2026-10-13,,-0.0682,open,2026-09-29 10:00:56
2026-09-28,M3,FAMAS | Survivor Z (Factory New),gun_FN,14,27.8100,True,95.0000,2026-09-29,26.0000,2026-10-13,,-0.0408,open,2026-09-29 10:00:56
2026-09-28,M3,Five-SeveN | Flame Test (Factory New),gun_FN,14,3.6800,True,86.0000,2026-09-29,3.7400,2026-10-13,,-0.0641,open,2026-09-29 10:00:56
2026-09-28,M3,Five-SeveN | Nightshade (Factory New),gun_FN,14,94.8300,True,99.0000,2026-09-29,94.6300,2026-10-13,,-0.0933,open,2026-09-29 10:00:56
2026-09-28,M3,Five-SeveN | Scumbria (Factory New),gun_FN,14,32.0300,True,69.0000,2026-09-29,31.3500,2026-10-13,,-0.0875,open,2026-09-29 10:00:56
2026-09-28,M3,Five-SeveN | Triumvirate (Factory New),gun_FN,14,83.5000,True,98.0000,2026-09-29,82.8100,2026-10-13,,-0.0759,open,2026-09-29 10:00:56
2026-09-28,M3,Galil AR | Cold Fusion (Factory New),gun_FN,14,3.2200,True,91.0000,2026-09-29,3.2100,2026-10-13,,-0.0280,open,2026-09-29 10:00:56
2026-09-28,M3,Galil AR | Destroyer (Factory New),gun_FN,14,1.7700,True,99.0000,2026-09-29,1.7900,2026-10-13,,-0.0087,open,2026-09-29 10:00:56
2026-09-28,M3,Galil AR | Kami (Factory New),gun_FN,14,30.0000,True,92.0000,2026-09-29,29.3000,2026-10-13,,-0.0383,open,2026-09-29 10:00:56
2026-09-28,M3,Galil AR | Sage Spray (Factory New),gun_FN,14,8.7300,True,94.0000,2026-09-29,8.6200,2026-10-13,,-0.0951,open,2026-09-29 10:00:56
2026-09-28,M3,Galil AR | VariCamo (Factory New),gun_FN,14,1.0800,True,99.0000,2026-09-29,0.9700,2026-10-13,,-0.0351,open,2026-09-29 10:00:56
2026-09-28,M3,Glock-18 | Ironwork (Factory New),gun_FN,14,209.0000,True,95.0000,2026-09-29,207.5000,2026-10-13,,-0.1542,open,2026-09-29 10:00:56
2026-09-28,M3,Glock-18 | Winterized (Factory New),gun_FN,14,5.9700,True,75.0000,2026-09-29,5.8700,2026-10-13,,-0.0599,open,2026-09-29 10:00:56
2026-09-28,M3,M4A4 | Naval Shred Camo (Factory New),gun_FN,14,1.2700,True,99.0000,2026-09-29,1.2800,2026-10-13,,-0.0402,open,2026-09-29 10:00:56
2026-09-28,M3,M4A4 | Steel Work (Factory New),gun_FN,14,1.0400,True,100.0000,2026-09-29,1.0500,2026-10-13,,0.0029,open,2026-09-29 10:00:56
2026-09-28,M3,MAC-10 | Malachite (Factory New),gun_FN,14,38.2500,True,65.0000,2026-09-29,36.7500,2026-10-13,,0.0052,open,2026-09-29 10:00:56
2026-09-28,M3,MAC-10 | Monkeyflage (Factory New),gun_FN,14,3.8900,True,94.0000,2026-09-29,3.9000,2026-10-13,,-0.0250,open,2026-09-29 10:00:56
2026-09-28,M3,MAC-10 | Pipe Down (Factory New),gun_FN,14,33.5000,True,38.0000,2026-09-29,32.6700,2026-10-13,,-0.0781,open,2026-09-29 10:00:56
2026-09-28,M3,MP7 | Armor Core (Factory New),gun_FN,14,6.4000,True,91.0000,2026-09-29,6.9200,2026-10-13,,0.0398,open,2026-09-29 10:00:56
2026-09-28,M3,MP9 | Bioleak (Factory New),gun_FN,14,2.9000,True,95.0000,2026-09-29,3.2700,2026-10-13,,-0.0250,open,2026-09-29 10:00:56
2026-09-28,M3,MP9 | Sand Scale (Factory New),gun_FN,14,32.5500,True,82.0000,2026-09-29,30.7000,2026-10-13,,-0.0822,open,2026-09-29 10:00:56
2026-09-28,M3,P2000 | Oceanic (Factory New),gun_FN,14,11.6400,True,93.0000,2026-09-29,11.6200,2026-10-13,,-0.0233,open,2026-09-29 10:00:56
2026-09-28,M3,P2000 | Red FragCam (Factory New),gun_FN,14,103.3000,True,76.0000,2026-09-29,103.2900,2026-10-13,,-0.0257,open,2026-09-29 10:00:56
2026-09-28,M3,P2000 | Urban Hazard (Factory New),gun_FN,14,7.8200,True,91.0000,2026-09-29,8.8000,2026-10-13,,-0.0826,open,2026-09-29 10:00:56
2026-09-28,M3,P250 | Nevermore (Factory New),gun_FN,14,12.7100,True,76.0000,2026-09-29,11.9000,2026-10-13,,-0.0348,open,2026-09-29 10:00:56
2026-09-28,M3,P250 | Ripple (Factory New),gun_FN,14,4.7400,True,82.0000,2026-09-29,4.7300,2026-10-13,,-0.0662,open,2026-09-29 10:00:56
2026-09-28,M3,P250 | Wingshot (Factory New),gun_FN,14,41.1400,True,74.0000,2026-09-29,40.6800,2026-10-13,,-0.0317,open,2026-09-29 10:00:56
2026-09-28,M3,P90 | Ancient Earth (Factory New),gun_FN,14,4.1100,True,96.0000,2026-09-29,3.8300,2026-10-13,,-0.1676,open,2026-09-29 10:00:56
2026-09-28,M3,P90 | Off World (Factory New),gun_FN,14,5.9100,True,92.0000,2026-09-29,5.8900,2026-10-13,,-0.1227,open,2026-09-29 10:00:56
2026-09-28,M3,PP-Bizon | Cobalt Halftone (Factory New),gun_FN,14,42.9700,True,85.0000,2026-09-29,42.9700,2026-10-13,,-0.0484,open,2026-09-29 10:00:56
2026-09-28,M3,PP-Bizon | Jungle Slipstream (Factory New),gun_FN,14,2.6500,True,96.0000,2026-09-29,2.6600,2026-10-13,,-0.0580,open,2026-09-29 10:00:56
2026-09-28,M3,R8 Revolver | Survivalist (Factory New),gun_FN,14,7.8400,True,95.0000,2026-09-29,7.4300,2026-10-13,,-0.0119,open,2026-09-29 10:00:56
2026-09-28,M3,SCAR-20 | Contractor (Factory New),gun_FN,14,1.9800,True,93.0000,2026-09-29,1.9700,2026-10-13,,-0.0349,open,2026-09-29 10:00:56
2026-09-28,M3,SG 553 | Anodized Navy (Factory New),gun_FN,14,2.2800,True,96.0000,2026-09-29,2.2600,2026-10-13,,-0.0638,open,2026-09-29 10:00:56
2026-09-28,M3,SG 553 | Atlas (Factory New),gun_FN,14,5.7000,True,85.0000,2026-09-29,5.6900,2026-10-13,,-0.0798,open,2026-09-29 10:00:56
2026-09-28,M3,SSG 08 | Ghost Crusader (Factory New),gun_FN,14,56.5000,True,69.0000,2026-09-29,56.9800,2026-10-13,,-0.0616,open,2026-09-29 10:00:56
2026-09-28,M3,Tec-9 | Bamboozle (Factory New),gun_FN,14,41.9800,True,79.0000,2026-09-29,38.9900,2026-10-13,,-0.0978,open,2026-09-29 10:00:56
2026-09-28,M3,Tec-9 | Ice Cap (Factory New),gun_FN,14,7.4600,True,79.0000,2026-09-29,7.8100,2026-10-13,,-0.0500,open,2026-09-29 10:00:56
2026-09-28,M3,Tec-9 | Rust Leaf (Factory New),gun_FN,14,85.0000,True,78.0000,2026-09-29,87.0200,2026-10-13,,-0.0588,open,2026-09-29 10:00:56
2026-09-28,M3,UMP-45 | Roadblock (Factory New),gun_FN,14,2.9400,True,96.0000,2026-09-29,2.9500,2026-10-13,,-0.0151,open,2026-09-29 10:00:56
2026-09-28,M3,USP-S | 27 (Factory New),gun_FN,14,29.7600,True,87.0000,2026-09-29,28.9700,2026-10-13,,-0.0879,open,2026-09-29 10:00:56
2026-09-28,M3,USP-S | Check Engine (Factory New),gun_FN,14,8.3100,True,87.0000,2026-09-29,8.1700,2026-10-13,,-0.0143,open,2026-09-29 10:00:56
2026-09-28,M3,USP-S | Forest Leaves (Factory New),gun_FN,14,25.7600,True,92.0000,2026-09-29,24.8500,2026-10-13,,-0.0587,open,2026-09-29 10:00:56
2026-09-28,M3,XM1014 | Black Tie (Factory New),gun_FN,14,17.2000,True,83.0000,2026-09-29,16.5600,2026-10-13,,-0.0362,open,2026-09-29 10:00:56
2026-09-28,M3,XM1014 | CaliCamo (Factory New),gun_FN,14,1.2700,True,99.0000,2026-09-29,1.2700,2026-10-13,,-0.0096,open,2026-09-29 10:00:56
2026-09-29,M3,AK-47 | Uncharted (Factory New),gun_FN,14,12.0500,True,87.0000,2026-09-30,11.8000,2026-10-14,,-0.0275,open,2026-09-30 10:04:49
2026-09-29,M3,AUG | Navy Murano (Factory New),gun_FN,14,70.8600,True,92.0000,2026-09-30,70.1000,2026-10-14,,-0.0448,open,2026-09-30 10:04:49
2026-09-29,M3,AUG | Ricochet (Factory New),gun_FN,14,7.3000,True,82.0000,2026-09-30,7.2600,2026-10-14,,-0.0237,open,2026-09-30 10:04:49
2026-09-29,M3,AUG | Triqua (Factory New),gun_FN,14,7.4200,True,83.0000,2026-09-30,6.9000,2026-10-14,,-0.0208,open,2026-09-30 10:04:49
2026-09-29,M3,AWP | POP AWP (Factory New),gun_FN,14,206.0000,True,99.0000,2026-09-30,198.6000,2026-10-14,,-0.1198,open,2026-09-30 10:04:49
2026-09-29,M3,AWP | Safari Mesh (Factory New),gun_FN,14,40.2300,True,81.0000,2026-09-30,40.5000,2026-10-14,,-0.0493,open,2026-09-30 10:04:49
2026-09-29,M3,Desert Eagle | Blue Ply (Factory New),gun_FN,14,22.0000,True,69.0000,2026-09-30,22.8900,2026-10-14,,-0.0416,open,2026-09-30 10:04:49
2026-09-29,M3,FAMAS | 2A2F (Factory New),gun_FN,14,17.0000,True,89.0000,2026-09-30,17.6900,2026-10-14,,-0.0096,open,2026-09-30 10:04:49
2026-09-29,M3,FAMAS | Crypsis (Factory New),gun_FN,14,8.2200,True,89.0000,2026-09-30,8.0900,2026-10-14,,-0.0660,open,2026-09-30 10:04:49
2026-09-29,M3,FAMAS | Cyanospatter (Factory New),gun_FN,14,36.9800,True,99.0000,2026-09-30,34.0000,2026-10-14,,-0.0201,open,2026-09-30 10:04:49
2026-09-29,M3,FAMAS | Meow 36 (Factory New),gun_FN,14,4.7800,True,77.0000,2026-09-30,4.7900,2026-10-14,,-0.0270,open,2026-09-30 10:04:49
2026-09-29,M3,FAMAS | Neural Net (Factory New),gun_FN,14,41.4200,True,98.0000,2026-09-30,37.7500,2026-10-14,,-0.0444,open,2026-09-30 10:04:49
2026-09-29,M3,FAMAS | Night Borre (Factory New),gun_FN,14,67.9000,True,74.0000,2026-09-30,67.7900,2026-10-14,,-0.0667,open,2026-09-30 10:04:49
2026-09-29,M3,Five-SeveN | Buddy (Factory New),gun_FN,14,23.3000,True,64.0000,2026-09-30,22.9900,2026-10-14,,-0.0717,open,2026-09-30 10:04:49
2026-09-29,M3,Five-SeveN | Nightshade (Factory New),gun_FN,14,94.6300,True,95.0000,2026-09-30,92.0000,2026-10-14,,-0.0674,open,2026-09-30 10:04:49
2026-09-29,M3,Five-SeveN | Orange Peel (Factory New),gun_FN,14,19.9900,True,97.0000,2026-09-30,19.5000,2026-10-14,,-0.0585,open,2026-09-30 10:04:49
2026-09-29,M3,Five-SeveN | Triumvirate (Factory New),gun_FN,14,82.8100,True,97.0000,2026-09-30,79.6900,2026-10-14,,-0.0397,open,2026-09-30 10:04:49
2026-09-29,M3,Five-SeveN | Urban Hazard (Factory New),gun_FN,14,19.0000,True,90.0000,2026-09-30,19.8000,2026-10-14,,-0.0324,open,2026-09-30 10:04:49
2026-09-29,M3,G3SG1 | Jungle Dashed (Factory New),gun_FN,14,3.7900,True,93.0000,2026-09-30,3.5000,2026-10-14,,-0.0389,open,2026-09-30 10:04:49
2026-09-29,M3,Galil AR | Cold Fusion (Factory New),gun_FN,14,3.2100,True,89.0000,2026-09-30,3.1600,2026-10-14,,-0.0127,open,2026-09-30 10:04:49
2026-09-29,M3,Galil AR | Destroyer (Factory New),gun_FN,14,1.7900,True,97.0000,2026-09-30,1.8500,2026-10-14,,-0.0408,open,2026-09-30 10:04:49
2026-09-29,M3,Galil AR | Kami (Factory New),gun_FN,14,29.3000,True,88.0000,2026-09-30,28.9900,2026-10-14,,-0.0280,open,2026-09-30 10:04:49
2026-09-29,M3,Galil AR | Sage Spray (Factory New),gun_FN,14,8.6200,True,85.0000,2026-09-30,8.5900,2026-10-14,,-0.0920,open,2026-09-30 10:04:49
2026-09-29,M3,Glock-18 | Ironwork (Factory New),gun_FN,14,207.5000,True,90.0000,2026-09-30,196.6400,2026-10-14,,-0.1075,open,2026-09-30 10:04:49
2026-09-29,M3,Glock-18 | Red Tire (Factory New),gun_FN,14,75.7000,True,22.0000,2026-09-30,72.3000,2026-10-14,,-0.0644,open,2026-09-30 10:04:49
2026-09-29,M3,Glock-18 | Sacrifice (Factory New),gun_FN,14,46.5000,True,86.0000,2026-09-30,45.0000,2026-10-14,,-0.0740,open,2026-09-30 10:04:49
2026-09-29,M3,Glock-18 | Winterized (Factory New),gun_FN,14,5.8700,True,78.0000,2026-09-30,5.3000,2026-10-14,,0.0412,open,2026-09-30 10:04:49
2026-09-29,M3,M4A1-S | Boreal Forest (Factory New),gun_FN,14,62.6900,True,90.0000,2026-09-30,55.0000,2026-10-14,,-0.0319,open,2026-09-30 10:04:49
2026-09-29,M3,M4A1-S | Nitro (Factory New),gun_FN,14,69.8900,True,98.0000,2026-09-30,67.3800,2026-10-14,,-0.0754,open,2026-09-30 10:04:49
2026-09-29,M3,M4A4 | Naval Shred Camo (Factory New),gun_FN,14,1.2800,True,99.0000,2026-09-30,1.3300,2026-10-14,,-0.0763,open,2026-09-30 10:04:49
2026-09-29,M3,M4A4 | Steel Work (Factory New),gun_FN,14,1.0500,True,100.0000,2026-09-30,1.0000,2026-10-14,,0.0530,open,2026-09-30 10:04:49
2026-09-29,M3,MAC-10 | Echoing Sands (Factory New),gun_FN,14,18.5500,True,79.0000,2026-09-30,17.0000,2026-10-14,,0.0266,open,2026-09-30 10:04:49
2026-09-29,M3,MAC-10 | Oceanic (Factory New),gun_FN,14,5.1900,True,74.0000,2026-09-30,5.1900,2026-10-14,,0.0614,open,2026-09-30 10:04:49
2026-09-29,M3,MAC-10 | Pipe Down (Factory New),gun_FN,14,32.6700,True,35.0000,2026-09-30,30.9000,2026-10-14,,-0.0253,open,2026-09-30 10:04:49
2026-09-29,M3,MP5-SD | Desert Strike (Factory New),gun_FN,14,4.8300,True,77.0000,2026-09-30,4.8200,2026-10-14,,-0.0290,open,2026-09-30 10:04:49
2026-09-29,M3,MP7 | Motherboard (Factory New),gun_FN,14,1.4500,True,100.0000,2026-09-30,1.4500,2026-10-14,,0.0490,open,2026-09-30 10:04:49
2026-09-29,M3,P2000 | Granite Marbleized (Factory New),gun_FN,14,39.0300,True,88.0000,2026-09-30,38.5400,2026-10-14,,-0.0364,open,2026-09-30 10:04:49
2026-09-29,M3,P2000 | Oceanic (Factory New),gun_FN,14,11.6200,True,85.0000,2026-09-30,11.9000,2026-10-14,,-0.0463,open,2026-09-30 10:04:49
2026-09-29,M3,P2000 | Red FragCam (Factory New),gun_FN,14,103.2900,True,70.0000,2026-09-30,103.2900,2026-10-14,,-0.0257,open,2026-09-30 10:04:49
2026-09-29,M3,P250 | Inferno (Factory New),gun_FN,14,49.0000,True,85.0000,2026-09-30,48.0000,2026-10-14,,-0.0530,open,2026-09-30 10:04:49
2026-09-29,M3,P250 | Mint Kimono (Factory New),gun_FN,14,80.6900,True,93.0000,2026-09-30,76.9600,2026-10-14,,-0.0316,open,2026-09-30 10:04:49
2026-09-29,M3,P250 | Ripple (Factory New),gun_FN,14,4.7300,True,79.0000,2026-09-30,4.6300,2026-10-14,,-0.0461,open,2026-09-30 10:04:49
2026-09-29,M3,P90 | Off World (Factory New),gun_FN,14,5.8900,True,82.0000,2026-09-30,5.5000,2026-10-14,,-0.0605,open,2026-09-30 10:04:49
2026-09-29,M3,PP-Bizon | Cobalt Halftone (Factory New),gun_FN,14,42.9700,True,82.0000,2026-09-30,42.1900,2026-10-14,,-0.0308,open,2026-09-30 10:04:49
2026-09-29,M3,PP-Bizon | Jungle Slipstream (Factory New),gun_FN,14,2.6600,True,93.0000,2026-09-30,2.5700,2026-10-14,,-0.0250,open,2026-09-30 10:04:49
2026-09-29,M3,SG 553 | Anodized Navy (Factory New),gun_FN,14,2.2600,True,92.0000,2026-09-30,2.1700,2026-10-14,,-0.0250,open,2026-09-30 10:04:49
2026-09-29,M3,SG 553 | Atlas (Factory New),gun_FN,14,5.6900,True,81.0000,2026-09-30,5.4900,2026-10-14,,-0.0463,open,2026-09-30 10:04:49
2026-09-29,M3,SSG 08 | Ghost Crusader (Factory New),gun_FN,14,56.9800,True,61.0000,2026-09-30,52.0000,2026-10-14,,0.0283,open,2026-09-30 10:04:49
2026-09-29,M3,Tec-9 | Jambiya (Factory New),gun_FN,14,36.8100,True,93.0000,2026-09-30,35.3000,2026-10-14,,-0.0388,open,2026-09-30 10:04:49
2026-09-29,M3,UMP-45 | Labyrinth (Factory New),gun_FN,14,3.2000,True,98.0000,2026-09-30,3.1200,2026-10-14,,0.0562,open,2026-09-30 10:04:49
2026-09-29,M3,UMP-45 | Roadblock (Factory New),gun_FN,14,2.9500,True,92.0000,2026-09-30,2.9500,2026-10-14,,-0.0151,open,2026-09-30 10:04:49
2026-09-29,M3,USP-S | 27 (Factory New),gun_FN,14,28.9700,True,89.0000,2026-09-30,27.1100,2026-10-14,,-0.0254,open,2026-09-30 10:04:49
2026-09-29,M3,XM1014 | CaliCamo (Factory New),gun_FN,14,1.2700,True,97.0000,2026-09-30,1.3300,2026-10-14,,-0.0543,open,2026-09-30 10:04:49
2026-09-30,M3,AUG | Arctic Wolf (Factory New),gun_FN,14,61.8900,True,81.0000,2026-10-01,62.0400,2026-10-15,,-0.0250,open,2026-10-01 09:58:28
2026-09-30,M3,AUG | Navy Murano (Factory New),gun_FN,14,70.1000,True,83.0000,2026-10-01,68.6800,2026-10-15,,-0.0250,open,2026-10-01 09:58:28
2026-09-30,M3,AWP | Safari Mesh (Factory New),gun_FN,14,40.5000,True,78.0000,2026-10-01,39.4900,2026-10-15,,-0.0250,open,2026-10-01 09:58:28
2026-09-30,M3,CZ75-Auto | Pole Position (Factory New),gun_FN,14,20.7300,True,92.0000,2026-10-01,19.8900,2026-10-15,,-0.0250,open,2026-10-01 09:58:28
2026-09-30,M3,Desert Eagle | Blue Ply (Factory New),gun_FN,14,22.8900,True,61.0000,2026-10-01,22.5000,2026-10-15,,-0.0250,open,2026-10-01 09:58:28
2026-09-30,M3,Desert Eagle | Corinthian (Factory New),gun_FN,14,6.5300,True,69.0000,2026-10-01,6.5000,2026-10-15,,-0.0250,open,2026-10-01 09:58:28
2026-09-30,M3,Desert Eagle | Light Rail (Factory New),gun_FN,14,66.4600,True,97.0000,2026-10-01,68.4300,2026-10-15,,-0.0250,open,2026-10-01 09:58:28
2026-09-30,M3,Desert Eagle | Sputnik (Factory New),gun_FN,14,53.8000,True,94.0000,2026-10-01,49.6700,2026-10-15,,-0.0250,open,2026-10-01 09:58:28
2026-09-30,M3,Desert Eagle | Trigger Discipline (Factory New),gun_FN,14,37.6000,True,84.0000,2026-10-01,36.9000,2026-10-15,,-0.0250,open,2026-10-01 09:58:28
2026-09-30,M3,FAMAS | Crypsis (Factory New),gun_FN,14,8.0900,True,78.0000,2026-10-01,7.7500,2026-10-15,,-0.0250,open,2026-10-01 09:58:28
2026-09-30,M3,FAMAS | Hexane (Factory New),gun_FN,14,56.9000,True,82.0000,2026-10-01,56.2900,2026-10-15,,-0.0250,open,2026-10-01 09:58:28
2026-09-30,M3,FAMAS | Meow 36 (Factory New),gun_FN,14,4.7900,True,78.0000,2026-10-01,4.7800,2026-10-15,,-0.0250,open,2026-10-01 09:58:28
2026-09-30,M3,FAMAS | Neural Net (Factory New),gun_FN,14,37.7500,True,94.0000,2026-10-01,37.0000,2026-10-15,,-0.0250,open,2026-10-01 09:58:28
2026-09-30,M3,FAMAS | Night Borre (Factory New),gun_FN,14,67.7900,True,69.0000,2026-10-01,64.8900,2026-10-15,,-0.0250,open,2026-10-01 09:58:28
2026-09-30,M3,FAMAS | Pulse (Factory New),gun_FN,14,153.4900,True,99.0000,2026-10-01,140.0000,2026-10-15,,-0.0250,open,2026-10-01 09:58:28
2026-09-30,M3,Five-SeveN | Orange Peel (Factory New),gun_FN,14,19.5000,True,85.0000,2026-10-01,18.8300,2026-10-15,,-0.0250,open,2026-10-01 09:58:28
2026-09-30,M3,Galil AR | Black Sand (Factory New),gun_FN,14,76.7100,True,93.0000,2026-10-01,74.4900,2026-10-15,,-0.0250,open,2026-10-01 09:58:28
2026-09-30,M3,Galil AR | Cold Fusion (Factory New),gun_FN,14,3.1600,True,84.0000,2026-10-01,3.2000,2026-10-15,,-0.0250,open,2026-10-01 09:58:28
2026-09-30,M3,Galil AR | Destroyer (Factory New),gun_FN,14,1.8500,True,88.0000,2026-10-01,1.8200,2026-10-15,,-0.0250,open,2026-10-01 09:58:28
2026-09-30,M3,Galil AR | Sage Spray (Factory New),gun_FN,14,8.5900,True,96.0000,2026-10-01,8.0000,2026-10-15,,-0.0250,open,2026-10-01 09:58:28
2026-09-30,M3,Glock-18 | Ironwork (Factory New),gun_FN,14,196.6400,True,95.0000,2026-10-01,180.0000,2026-10-15,,-0.0250,open,2026-10-01 09:58:28
2026-09-30,M3,M4A1-S | Nitro (Factory New),gun_FN,14,67.3800,True,95.0000,2026-10-01,63.9000,2026-10-15,,-0.0250,open,2026-10-01 09:58:28
2026-09-30,M3,M4A4 | Etch Lord (Factory New),gun_FN,14,19.2300,True,79.0000,2026-10-01,18.8300,2026-10-15,,-0.0250,open,2026-10-01 09:58:28
2026-09-30,M3,M4A4 | Magnesium (Factory New),gun_FN,14,36.5000,True,75.0000,2026-10-01,35.6500,2026-10-15,,-0.0250,open,2026-10-01 09:58:28
2026-09-30,M3,M4A4 | Poly Mag (Factory New),gun_FN,14,5.8500,True,82.0000,2026-10-01,5.8000,2026-10-15,,-0.0250,open,2026-10-01 09:58:28
2026-09-30,M3,MAC-10 | Malachite (Factory New),gun_FN,14,36.9900,True,87.0000,2026-10-01,37.8900,2026-10-15,,-0.0250,open,2026-10-01 09:58:28
2026-09-30,M3,MAC-10 | Oceanic (Factory New),gun_FN,14,5.1900,True,59.0000,2026-10-01,5.6500,2026-10-15,,-0.0250,open,2026-10-01 09:58:28
2026-09-30,M3,MP5-SD | Desert Strike (Factory New),gun_FN,14,4.8200,True,56.0000,2026-10-01,4.8000,2026-10-15,,-0.0250,open,2026-10-01 09:58:28
2026-09-30,M3,MP7 | Motherboard (Factory New),gun_FN,14,1.4500,True,98.0000,2026-10-01,1.5600,2026-10-15,,-0.0250,open,2026-10-01 09:58:28
2026-09-30,M3,MP9 | Sand Scale (Factory New),gun_FN,14,29.9900,True,88.0000,2026-10-01,28.9000,2026-10-15,,-0.0250,open,2026-10-01 09:58:28
2026-09-30,M3,P2000 | Granite Marbleized (Factory New),gun_FN,14,38.5400,True,90.0000,2026-10-01,38.0900,2026-10-15,,-0.0250,open,2026-10-01 09:58:28
2026-09-30,M3,P250 | Inferno (Factory New),gun_FN,14,48.0000,True,85.0000,2026-10-01,46.6200,2026-10-15,,-0.0250,open,2026-10-01 09:58:28
2026-09-30,M3,P250 | Steel Disruption (Factory New),gun_FN,14,34.0600,True,71.0000,2026-10-01,33.4600,2026-10-15,,-0.0250,open,2026-10-01 09:58:28
2026-09-30,M3,PP-Bizon | Cobalt Halftone (Factory New),gun_FN,14,42.1900,True,66.0000,2026-10-01,41.9400,2026-10-15,,-0.0250,open,2026-10-01 09:58:28
2026-09-30,M3,R8 Revolver | Inlay (Factory New),gun_FN,14,1.7500,True,87.0000,2026-10-01,1.7300,2026-10-15,,-0.0250,open,2026-10-01 09:58:28
2026-09-30,M3,SG 553 | Anodized Navy (Factory New),gun_FN,14,2.1700,True,96.0000,2026-10-01,2.1700,2026-10-15,,-0.0250,open,2026-10-01 09:58:28
2026-09-30,M3,SG 553 | Atlas (Factory New),gun_FN,14,5.4900,True,85.0000,2026-10-01,5.3700,2026-10-15,,-0.0250,open,2026-10-01 09:58:28
2026-09-30,M3,SG 553 | Danger Close (Factory New),gun_FN,14,6.5200,True,100.0000,2026-10-01,6.4500,2026-10-15,,-0.0250,open,2026-10-01 09:58:28
2026-09-30,M3,SG 553 | Lush Ruins (Factory New),gun_FN,14,7.5800,True,90.0000,2026-10-01,7.4300,2026-10-15,,-0.0250,open,2026-10-01 09:58:28
2026-09-30,M3,SSG 08 | Dezastre (Factory New),gun_FN,14,2.9800,True,99.0000,2026-10-01,3.0000,2026-10-15,,-0.0250,open,2026-10-01 09:58:28
2026-09-30,M3,Tec-9 | Ice Cap (Factory New),gun_FN,14,7.4600,True,82.0000,2026-10-01,7.6100,2026-10-15,,-0.0250,open,2026-10-01 09:58:28
2026-09-30,M3,UMP-45 | Roadblock (Factory New),gun_FN,14,2.9500,True,89.0000,2026-10-01,2.9800,2026-10-15,,-0.0250,open,2026-10-01 09:58:28
2026-09-30,M3,USP-S | 27 (Factory New),gun_FN,14,27.1100,True,91.0000,2026-10-01,27.1000,2026-10-15,,-0.0250,open,2026-10-01 09:58:28
2026-09-30,M3,USP-S | Guardian (Factory New),gun_FN,14,31.0000,True,92.0000,2026-10-01,30.6900,2026-10-15,,-0.0250,open,2026-10-01 09:58:28
2026-09-30,M3,USP-S | Para Green (Factory New),gun_FN,14,218.0000,True,88.0000,2026-10-01,219.7500,2026-10-15,,-0.0250,open,2026-10-01 09:58:28
2026-10-01,M3,AK-47 | Uncharted (Factory New),gun_FN,14,11.7700,True,91.0000,2026-10-02,,2026-10-16,,,pending,2026-10-02 10:01:11
2026-10-01,M3,AUG | Amber Fade (Factory New),gun_FN,14,17.6900,True,64.0000,2026-10-02,,2026-10-16,,,pending,2026-10-02 10:01:11
2026-10-01,M3,AUG | Navy Murano (Factory New),gun_FN,14,68.6800,True,83.0000,2026-10-02,,2026-10-16,,,pending,2026-10-02 10:01:11
2026-10-01,M3,AUG | Radiation Hazard (Factory New),gun_FN,14,31.0000,True,100.0000,2026-10-02,,2026-10-16,,,pending,2026-10-02 10:01:11
2026-10-01,M3,AWP | Capillary (Factory New),gun_FN,14,36.3000,True,91.0000,2026-10-02,,2026-10-16,,,pending,2026-10-02 10:01:11
2026-10-01,M3,AWP | Mortis (Factory New),gun_FN,14,69.2000,True,72.0000,2026-10-02,,2026-10-16,,,pending,2026-10-02 10:01:11
2026-10-01,M3,AWP | Phobos (Factory New),gun_FN,14,34.9000,True,89.0000,2026-10-02,,2026-10-16,,,pending,2026-10-02 10:01:11
2026-10-01,M3,AWP | Safari Mesh (Factory New),gun_FN,14,39.4900,True,84.0000,2026-10-02,,2026-10-16,,,pending,2026-10-02 10:01:11
2026-10-01,M3,CZ75-Auto | Pole Position (Factory New),gun_FN,14,19.8900,True,96.0000,2026-10-02,,2026-10-16,,,pending,2026-10-02 10:01:11
2026-10-01,M3,Desert Eagle | Blue Ply (Factory New),gun_FN,14,22.5000,True,67.0000,2026-10-02,,2026-10-16,,,pending,2026-10-02 10:01:11
2026-10-01,M3,Desert Eagle | Bronze Deco (Factory New),gun_FN,14,4.4900,True,92.0000,2026-10-02,,2026-10-16,,,pending,2026-10-02 10:01:11
2026-10-01,M3,Desert Eagle | Mudder (Factory New),gun_FN,14,37.6500,True,75.0000,2026-10-02,,2026-10-16,,,pending,2026-10-02 10:01:11
2026-10-01,M3,Desert Eagle | Oxide Blaze (Factory New),gun_FN,14,6.0000,True,91.0000,2026-10-02,,2026-10-16,,,pending,2026-10-02 10:01:11
2026-10-01,M3,Desert Eagle | Trigger Discipline (Factory New),gun_FN,14,36.9000,True,92.0000,2026-10-02,,2026-10-16,,,pending,2026-10-02 10:01:11
2026-10-01,M3,Dual Berettas | Stained (Factory New),gun_FN,14,4.2400,True,94.0000,2026-10-02,,2026-10-16,,,pending,2026-10-02 10:01:11
2026-10-01,M3,FAMAS | Crypsis (Factory New),gun_FN,14,7.7500,True,86.0000,2026-10-02,,2026-10-16,,,pending,2026-10-02 10:01:11
2026-10-01,M3,FAMAS | Hexane (Factory New),gun_FN,14,56.2900,True,24.0000,2026-10-02,,2026-10-16,,,pending,2026-10-02 10:01:11
2026-10-01,M3,FAMAS | Meow 36 (Factory New),gun_FN,14,4.7800,True,55.0000,2026-10-02,,2026-10-16,,,pending,2026-10-02 10:01:11
2026-10-01,M3,Five-SeveN | Boost Protocol (Factory New),gun_FN,14,60.5600,True,98.0000,2026-10-02,,2026-10-16,,,pending,2026-10-02 10:01:11
2026-10-01,M3,Five-SeveN | Copper Galaxy (Factory New),gun_FN,14,107.9000,True,94.0000,2026-10-02,,2026-10-16,,,pending,2026-10-02 10:01:11
2026-10-01,M3,Five-SeveN | Flame Test (Factory New),gun_FN,14,3.5900,True,86.0000,2026-10-02,,2026-10-16,,,pending,2026-10-02 10:01:11
2026-10-01,M3,Five-SeveN | Urban Hazard (Factory New),gun_FN,14,19.6500,True,61.0000,2026-10-02,,2026-10-16,,,pending,2026-10-02 10:01:11
2026-10-01,M3,Galil AR | Akoben (Factory New),gun_FN,14,9.6900,True,85.0000,2026-10-02,,2026-10-16,,,pending,2026-10-02 10:01:11
2026-10-01,M3,Galil AR | Black Sand (Factory New),gun_FN,14,74.4900,True,93.0000,2026-10-02,,2026-10-16,,,pending,2026-10-02 10:01:11
2026-10-01,M3,Galil AR | Cold Fusion (Factory New),gun_FN,14,3.2000,True,81.0000,2026-10-02,,2026-10-16,,,pending,2026-10-02 10:01:11
2026-10-01,M3,Galil AR | Destroyer (Factory New),gun_FN,14,1.8200,True,88.0000,2026-10-02,,2026-10-16,,,pending,2026-10-02 10:01:11
2026-10-01,M3,Glock-18 | Off World (Factory New),gun_FN,14,35.7800,True,74.0000,2026-10-02,,2026-10-16,,,pending,2026-10-02 10:01:11
2026-10-01,M3,Glock-18 | Winterized (Factory New),gun_FN,14,5.6600,True,72.0000,2026-10-02,,2026-10-16,,,pending,2026-10-02 10:01:11
2026-10-01,M3,M4A4 | Etch Lord (Factory New),gun_FN,14,18.8300,True,76.0000,2026-10-02,,2026-10-16,,,pending,2026-10-02 10:01:11
2026-10-01,M3,M4A4 | Griffin (Factory New),gun_FN,14,445.6100,True,99.0000,2026-10-02,,2026-10-16,,,pending,2026-10-02 10:01:11
2026-10-01,M3,M4A4 | Naval Shred Camo (Factory New),gun_FN,14,1.2600,True,100.0000,2026-10-02,,2026-10-16,,,pending,2026-10-02 10:01:11
2026-10-01,M3,M4A4 | Poly Mag (Factory New),gun_FN,14,5.8000,True,94.0000,2026-10-02,,2026-10-16,,,pending,2026-10-02 10:01:11
2026-10-01,M3,M4A4 | Sheet Lightning (Factory New),gun_FN,14,26.0000,True,64.0000,2026-10-02,,2026-10-16,,,pending,2026-10-02 10:01:11
2026-10-01,M3,MAC-10 | Last Dive (Factory New),gun_FN,14,16.2800,True,45.0000,2026-10-02,,2026-10-16,,,pending,2026-10-02 10:01:11
2026-10-01,M3,MAC-10 | Malachite (Factory New),gun_FN,14,37.8900,True,79.0000,2026-10-02,,2026-10-16,,,pending,2026-10-02 10:01:11
2026-10-01,M3,MP5-SD | Desert Strike (Factory New),gun_FN,14,4.8000,True,73.0000,2026-10-02,,2026-10-16,,,pending,2026-10-02 10:01:11
2026-10-01,M3,MP5-SD | Statics (Factory New),gun_FN,14,7.1300,True,96.0000,2026-10-02,,2026-10-16,,,pending,2026-10-02 10:01:11
2026-10-01,M3,MP7 | Fade (Factory New),gun_FN,14,68.4000,True,97.0000,2026-10-02,,2026-10-16,,,pending,2026-10-02 10:01:11
2026-10-01,M3,P2000 | Oceanic (Factory New),gun_FN,14,11.6400,True,54.0000,2026-10-02,,2026-10-16,,,pending,2026-10-02 10:01:11
2026-10-01,M3,P2000 | Scorpion (Factory New),gun_FN,14,309.0000,True,98.0000,2026-10-02,,2026-10-16,,,pending,2026-10-02 10:01:11
2026-10-01,M3,P250 | Ripple (Factory New),gun_FN,14,4.5300,True,95.0000,2026-10-02,,2026-10-16,,,pending,2026-10-02 10:01:11
2026-10-01,M3,P250 | Sand Dune (Factory New),gun_FN,14,4.1900,True,98.0000,2026-10-02,,2026-10-16,,,pending,2026-10-02 10:01:11
2026-10-01,M3,P250 | Steel Disruption (Factory New),gun_FN,14,33.4600,True,56.0000,2026-10-02,,2026-10-16,,,pending,2026-10-02 10:01:11
2026-10-01,M3,PP-Bizon | Cobalt Halftone (Factory New),gun_FN,14,41.9400,True,52.0000,2026-10-02,,2026-10-16,,,pending,2026-10-02 10:01:11
2026-10-01,M3,PP-Bizon | Photic Zone (Factory New),gun_FN,14,14.6900,True,74.0000,2026-10-02,,2026-10-16,,,pending,2026-10-02 10:01:11
2026-10-01,M3,PP-Bizon | Sand Dashed (Factory New),gun_FN,14,4.3500,True,92.0000,2026-10-02,,2026-10-16,,,pending,2026-10-02 10:01:11
2026-10-01,M3,R8 Revolver | Bone Forged (Factory New),gun_FN,14,2.3600,True,92.0000,2026-10-02,,2026-10-16,,,pending,2026-10-02 10:01:11
2026-10-01,M3,R8 Revolver | Inlay (Factory New),gun_FN,14,1.7300,True,90.0000,2026-10-02,,2026-10-16,,,pending,2026-10-02 10:01:11
2026-10-01,M3,SG 553 | Anodized Navy (Factory New),gun_FN,14,2.1700,True,88.0000,2026-10-02,,2026-10-16,,,pending,2026-10-02 10:01:11
2026-10-01,M3,SG 553 | Phantom (Factory New),gun_FN,14,13.3900,True,66.0000,2026-10-02,,2026-10-16,,,pending,2026-10-02 10:01:11
2026-10-01,M3,SSG 08 | Dezastre (Factory New),gun_FN,14,3.0000,True,94.0000,2026-10-02,,2026-10-16,,,pending,2026-10-02 10:01:11
2026-10-01,M3,SSG 08 | Ghost Crusader (Factory New),gun_FN,14,54.8400,True,53.0000,2026-10-02,,2026-10-16,,,pending,2026-10-02 10:01:11
2026-10-01,M3,Sawed-Off | Snake Camo (Factory New),gun_FN,14,5.1500,True,95.0000,2026-10-02,,2026-10-16,,,pending,2026-10-02 10:01:11
2026-10-01,M3,Tec-9 | Garter-9 (Factory New),gun_FN,14,0.8500,True,99.0000,2026-10-02,,2026-10-16,,,pending,2026-10-02 10:01:11
2026-10-01,M3,Tec-9 | Rust Leaf (Factory New),gun_FN,14,84.0000,True,58.0000,2026-10-02,,2026-10-16,,,pending,2026-10-02 10:01:11
2026-10-01,M3,Tec-9 | Urban DDPAT (Factory New),gun_FN,14,8.6700,True,63.0000,2026-10-02,,2026-10-16,,,pending,2026-10-02 10:01:11
2026-10-01,M3,UMP-45 | Urban DDPAT (Factory New),gun_FN,14,3.2400,True,100.0000,2026-10-02,,2026-10-16,,,pending,2026-10-02 10:01:11
2026-10-01,M3,USP-S | 27 (Factory New),gun_FN,14,27.1000,True,70.0000,2026-10-02,,2026-10-16,,,pending,2026-10-02 10:01:11
2026-10-01,M3,USP-S | Black Lotus (Factory New),gun_FN,14,140.0000,True,95.0000,2026-10-02,,2026-10-16,,,pending,2026-10-02 10:01:11
2026-10-01,M3,USP-S | Check Engine (Factory New),gun_FN,14,8.2600,True,72.0000,2026-10-02,,2026-10-16,,,pending,2026-10-02 10:01:11
2026-10-01,M3,USP-S | Guardian (Factory New),gun_FN,14,30.6900,True,92.0000,2026-10-02,,2026-10-16,,,pending,2026-10-02 10:01:11
