date,open,close,high,low
2025-09-28,1579.6900,1574.6700,1582.5600,1570.3300
2025-09-29,1574.8900,1586.7400,1591.9900,1574.8300
2025-09-30,1586.8900,1580.3300,1590.3100,1579.3800
2025-10-01,1580.3200,1577.0300,1582.1100,1575.0300
2025-10-02,1576.9900,1581.2000,1583.3000,1576.9900
2025-10-03,1581.2400,1589.1400,1589.1400,1581.2100
2025-10-04,1589.1700,1599.8200,1599.8200,1589.1700
2025-10-05,1600.1000,1602.2700,1605.7700,1600.1000
2025-10-06,1602.2700,1608.0900,1608.0900,1602.2700
2025-10-07,1608.0000,1620.9100,1621.9700,1607.9600
2025-10-08,1621.3600,1619.5400,1627.5400,1612.6400
2025-10-09,1620.0100,1619.6700,1622.1100,1606.1800
2025-10-10,1619.6700,1619.6200,1621.4900,1616.3300
2025-10-11,1619.6200,1632.8100,1632.8100,1619.6200
2025-10-12,1632.8100,1630.6500,1636.3100,1626.7300
2025-10-13,1630.6500,1648.0800,1648.0800,1630.4300
2025-10-14,1648.0800,1647.3600,1652.7900,1644.4400
2025-10-15,1647.3600,1644.1800,1649.0000,1636.7900
2025-10-16,1644.1800,1671.2200,1672.3300,1644.1800
2025-10-17,1671.2200,1672.2300,1674.5100,1667.5300
2025-10-18,1672.2300,1655.2600,1675.4000,1655.2400
2025-10-19,1655.2600,1655.4900,1662.5700,1643.5100
2025-10-20,1655.4900,1636.6100,1658.1400,1633.4300
2025-10-21,1636.6100,1634.8000,1644.0300,1608.7400
2025-10-22,1634.8000,1662.5400,1662.5400,1634.8000
2025-10-23,1662.5400,932.2400,1667.4600,849.1500
2025-10-24,932.2400,651.7700,932.2400,510.3500
2025-10-25,651.7700,890.0400,890.0400,651.7700
2025-10-26,890.0400,874.1800,935.9600,871.4400
2025-10-27,874.1800,934.9600,934.9600,874.1800
2025-10-28,934.9600,908.0300,945.3000,907.9300
2025-10-29,908.0300,861.8000,910.6600,861.6600
2025-10-30,861.8000,987.4300,987.4300,860.6800
2025-10-31,987.4300,1066.9800,1080.1700,987.1500
2025-11-01,1066.9800,1162.2600,1162.2600,1066.9800
2025-11-02,1162.2600,1204.8700,1242.6100,1162.2600
2025-11-03,1204.8700,1192.2800,1228.4200,1192.0100
2025-11-04,1192.2800,1142.9600,1195.9500,1140.9500
2025-11-05,1142.9600,1198.3300,1198.3300,1142.9600
2025-11-06,1198.3300,1199.9400,1213.8000,1198.1800
2025-11-07,1199.9400,1212.6400,1226.2600,1199.9400
2025-11-08,1212.6400,1200.2100,1219.5600,1193.8100
2025-11-09,1200.2100,1172.4400,1204.7900,1168.1800
2025-11-10,1172.4400,1173.9800,1181.8700,1169.4700
2025-11-11,1173.9800,1178.7400,1178.7400,1171.0300
2025-11-12,1178.7400,1187.4200,1187.5800,1178.7400
2025-11-13,1187.4200,1197.2600,1202.6600,1187.4200
2025-11-14,1197.2600,1185.4000,1198.0500,1185.2800
2025-11-15,1185.4000,1179.5500,1185.5100,1175.4200
2025-11-16,1179.5500,1191.3000,1192.8000,1179.5500
2025-11-17,1191.3000,1183.5300,1194.5500,1181.8200
2025-11-18,1183.5300,1178.9100,1186.3700,1175.1500
2025-11-19,1178.9100,1181.8200,1188.2600,1178.8000
2025-11-20,1181.8200,1163.0900,1181.8200,1160.7800
2025-11-21,1163.0900,1169.5700,1170.3800,1163.0900
2025-11-22,1169.5700,1181.7500,1181.7500,1169.0700
2025-11-23,1181.7500,1210.5300,1210.5300,1181.7500
2025-11-24,1210.5300,1224.9000,1230.2300,1210.5300
2025-11-25,1224.9000,1235.2100,1236.4600,1221.0300
2025-11-26,1235.2100,1260.2300,1260.2300,1235.2100
2025-11-27,1260.2300,1260.3700,1265.7200,1258.3200
2025-11-28,1260.3700,1285.9700,1285.9700,1260.3700
2025-11-29,1285.9700,1303.6000,1306.1200,1285.9700
2025-11-30,1303.6000,1278.1400,1307.4000,1275.7100
2025-12-01,1278.1400,1308.2200,1308.2200,1278.1400
2025-12-02,1308.2200,1317.8400,1317.8400,1303.2400
2025-12-03,1317.8400,1321.2000,1325.8900,1317.2900
2025-12-04,1321.2000,1313.2500,1324.9500,1313.2500
2025-12-05,1313.2500,1309.3300,1317.2200,1306.7800
2025-12-06,1309.3300,1310.0000,1313.9000,1302.7700
2025-12-07,1310.0000,1312.9100,1322.8400,1310.0000
2025-12-08,1312.9100,1290.7900,1313.8700,1290.3200
2025-12-09,1290.7900,1302.9000,1303.8100,1290.3900
2025-12-10,1302.9000,1320.8200,1321.2000,1302.9000
2025-12-11,1320.8200,1298.7500,1324.2000,1298.7400
2025-12-12,1298.7500,1298.5200,1303.5300,1289.6800
2025-12-13,1298.5200,1297.5000,1304.8200,1295.7200
2025-12-14,1297.5000,1261.5800,1297.5000,1257.6500
2025-12-15,1261.5800,1272.6800,1279.5300,1261.4300
2025-12-16,1272.6800,1265.4300,1272.6800,1255.6900
2025-12-17,1265.4300,1292.6700,1297.8600,1265.4300
2025-12-18,1292.6700,1285.6000,1296.0800,1284.0000
2025-12-19,1285.6000,1286.3800,1295.7000,1285.6000
2025-12-20,1286.3800,1283.9000,1289.2200,1282.5900
2025-12-21,1283.9000,1270.2400,1285.9200,1270.2400
2025-12-22,1270.2400,1267.4700,1270.2400,1257.9400
2025-12-23,1267.4700,1259.9900,1271.3600,1249.8700
2025-12-24,1259.9900,1232.6100,1259.9900,1229.1200
2025-12-25,1232.6100,1253.6300,1253.6300,1220.0700
2025-12-26,1253.6300,1256.5300,1268.2000,1253.6300
2025-12-27,1256.5300,1251.3600,1256.5300,1249.7900
2025-12-28,1251.3600,1236.0100,1252.1000,1235.3300
2025-12-29,1236.0100,1229.1200,1236.4400,1221.7100
2025-12-30,1229.1200,1235.1800,1239.1000,1229.1200
2025-12-31,1235.1800,1235.7900,1240.1600,1235.0800
2026-01-01,1235.7900,1236.7200,1237.6400,1233.8300
2026-01-02,1236.7200,1249.3900,1250.7000,1236.6600
2026-01-03,1249.3900,1255.4600,1255.4800,1248.5700
2026-01-04,1255.4600,1268.9300,1271.9100,1255.4600
2026-01-05,1268.9300,1259.6200,1270.5900,1257.0800
2026-01-06,1259.6200,1249.3100,1259.9600,1249.2800
2026-01-07,1249.3100,1240.2600,1250.3400,1239.9000
2026-01-08,1240.2600,1215.6100,1240.2600,1215.6100
2026-01-09,1215.6100,1208.6500,1217.5200,1200.9500
2026-01-10,1208.6500,1208.2800,1210.7000,1205.7900
2026-01-11,1208.2800,1189.3900,1210.6400,1189.2000
2026-01-12,1189.3900,1191.9000,1192.8100,1170.6000
2026-01-13,1191.9000,1192.4100,1195.8400,1191.1700
2026-01-14,1192.4100,1193.8200,1197.5500,1191.5500
2026-01-15,1193.8200,1196.4100,1200.0200,1193.2200
2026-01-16,1196.4100,1186.4500,1198.7600,1186.4500
2026-01-17,1186.4500,1174.6700,1186.4500,1174.5500
2026-01-18,1174.6700,1168.1100,1175.1600,1167.1000
2026-01-19,1168.1100,1174.1700,1174.9100,1165.2300
2026-01-20,1174.1700,1168.6700,1175.4400,1168.1500
2026-01-21,1168.6700,1156.2300,1169.4000,1155.9100
2026-01-22,1156.2300,1129.8800,1164.5600,1127.9700
2026-01-23,1129.8800,1099.6200,1132.7500,1099.6200
2026-01-24,1099.6200,1116.8000,1116.8000,1088.9100
2026-01-25,1116.8000,1136.6500,1136.8300,1116.8000
2026-01-26,1136.6500,1127.6300,1137.8600,1127.6300
2026-01-27,1127.6300,1120.9000,1127.8500,1117.7100
2026-01-28,1120.9000,1129.3200,1129.8100,1120.9000
2026-01-29,1129.3200,1123.0100,1129.9200,1122.7900
2026-01-30,1123.0100,1119.7400,1124.0800,1119.5800
2026-01-31,1119.7400,1131.7000,1132.1200,1119.7400
2026-02-01,1131.7000,1130.7100,1135.6500,1130.6200
2026-02-02,1130.7100,1121.5300,1131.5000,1120.9900
2026-02-03,1121.5300,1113.0600,1122.7400,1113.0600
2026-02-04,1113.0600,1102.4100,1113.4800,1095.8000
2026-02-05,1102.4100,1089.2300,1103.1400,1085.7700
2026-02-06,1089.2300,1093.6900,1093.6900,1085.8300
2026-02-07,1093.6900,1094.9100,1098.9500,1093.6900
2026-02-08,1094.9100,1087.9800,1094.9600,1087.3300
2026-02-09,1087.9800,1085.3100,1088.1200,1075.0600
2026-02-10,1085.3100,1097.6800,1098.2400,1083.2400
2026-02-11,1097.6800,1112.1400,1112.1400,1095.1300
2026-02-12,1112.1400,1133.1100,1136.9600,1112.1100
2026-02-13,1133.1100,1146.3100,1146.3200,1130.6800
2026-02-14,1146.3100,1146.7700,1149.4700,1143.2300
2026-02-15,1146.7700,1145.0900,1147.3600,1143.6400
2026-02-16,1145.0900,1159.6800,1159.7900,1144.9900
2026-02-17,1159.6800,1162.9900,1165.3400,1159.3800
2026-02-18,1162.9900,1157.8400,1164.9000,1154.5000
2026-02-19,1157.8400,1153.1600,1158.9600,1149.9600
2026-02-20,1153.1600,1155.1800,1155.7700,1150.4400
2026-02-21,1155.1800,1146.6800,1155.4800,1145.4500
2026-02-22,1146.6800,1148.1300,1151.3100,1146.4500
2026-02-23,1148.1300,1135.5800,1148.2400,1133.0500
2026-02-24,1135.5800,1131.7600,1135.7300,1127.8800
2026-02-25,1131.7600,1143.8600,1143.8600,1131.7000
2026-02-26,1143.8600,1143.2900,1145.9400,1140.9600
2026-02-27,1143.2900,1143.5000,1147.2600,1141.8700
2026-02-28,1143.5000,1142.9700,1145.5800,1141.4300
2026-03-01,1142.9700,1154.5400,1154.5900,1142.9700
2026-03-02,1154.5400,1156.6800,1158.4300,1154.2000
2026-03-03,1156.6800,1165.0400,1165.2000,1156.6000
2026-03-04,1165.0400,1164.6300,1168.3000,1162.7300
2026-03-05,1164.6300,1162.9000,1165.7400,1156.3700
2026-03-06,1162.9000,1175.2300,1175.3500,1162.8500
2026-03-07,1175.2300,1175.5800,1175.6200,1172.5300
2026-03-08,1175.5800,1182.3700,1185.3400,1175.5800
2026-03-09,1182.3700,1182.6400,1183.4500,1178.1700
2026-03-10,1182.6400,1186.9400,1192.0600,1182.5000
2026-03-11,1186.9400,1180.8700,1187.5600,1178.7000
2026-03-12,1180.8700,1152.2200,1182.5200,1139.3900
2026-03-13,1152.2200,1157.5600,1158.5200,1150.9400
2026-03-14,1157.5600,1167.1200,1167.1200,1157.4300
2026-03-15,1167.1200,1176.9000,1176.9000,1167.0000
2026-03-16,1176.9000,1178.1000,1178.4400,1169.7900
2026-03-17,1178.1000,1168.5800,1178.8300,1168.5800
2026-03-18,1168.5800,1162.8100,1168.5800,1159.5600
2026-03-19,1162.8100,1139.8700,1162.8900,1139.8700
2026-03-20,1139.8700,1138.5200,1142.3800,1135.9300
2026-03-21,1138.5200,1141.5500,1144.2500,1138.2400
2026-03-22,1141.5500,1116.4100,1141.5500,1115.7700
2026-03-23,1116.4100,1109.8300,1118.5900,1099.6200
2026-03-24,1109.8300,1118.1000,1120.2700,1109.5900
2026-03-25,1118.1000,1111.2400,1118.7100,1110.8700
2026-03-26,1111.2400,1097.4400,1112.2100,1095.5400
2026-03-27,1097.4400,1103.0600,1108.0600,1097.4400
2026-03-28,1103.0600,1100.0800,1103.2000,1098.9600
2026-03-29,1100.0800,1090.1300,1100.0800,1090.0200
2026-03-30,1090.1300,1082.6400,1090.1300,1081.0500
2026-03-31,1082.6400,1091.4600,1092.5000,1082.3400
2026-04-01,1091.4600,1094.0200,1094.1500,1091.4300
2026-04-02,1094.0200,1096.1100,1100.3300,1093.9400
2026-04-03,1096.1100,1089.1100,1096.4000,1088.3400
2026-04-04,1089.1100,1084.5200,1089.2900,1084.0200
2026-04-05,1084.5200,1077.2100,1085.2900,1076.5900
2026-04-06,1077.2100,1074.9600,1079.6900,1073.5000
2026-04-07,1074.9600,1072.9200,1080.9600,1072.7500
2026-04-08,1072.9200,1062.2300,1073.0600,1059.9200
2026-04-09,1062.2300,1073.2700,1074.2100,1062.2300
2026-04-10,1073.2700,1082.5600,1082.7800,1072.9400
2026-04-11,1082.5600,1076.3300,1083.6900,1076.3300
2026-04-12,1076.3300,1068.1200,1076.6000,1068.0700
2026-04-13,1068.1200,1063.8500,1068.1200,1062.5700
2026-04-14,1063.8500,1063.4800,1067.9300,1063.4300
2026-04-15,1063.4800,1055.7700,1063.4800,1055.7200
2026-04-16,1055.7700,1041.8200,1056.1000,1041.8200
2026-04-17,1041.8200,1029.2300,1041.8200,1024.9400
2026-04-18,1029.2300,1035.5400,1036.8900,1028.3300
2026-04-19,1035.5400,1039.1400,1041.9500,1035.5400
2026-04-20,1039.1400,1030.8400,1041.1700,1030.8400
2026-04-21,1030.8400,1013.2000,1030.8400,1013.2000
2026-04-22,1013.2000,997.0300,1015.0700,997.0300
2026-04-23,997.0300,968.1500,997.0300,964.4500
2026-04-24,968.1500,989.5500,989.7800,968.1500
2026-04-25,989.5500,1013.1600,1013.6500,989.5500
2026-04-26,1013.1600,1011.2000,1018.3400,1010.7700
2026-04-27,1011.2000,1004.2500,1013.4100,1004.2500
2026-04-28,1004.2500,1004.0700,1004.3200,997.3400
2026-04-29,1004.0700,1005.9000,1008.6600,1004.0700
2026-04-30,1005.9000,1016.1800,1016.1800,1003.4000
2026-05-01,1016.1800,1022.8800,1022.8800,1015.7000
2026-05-02,1022.8800,1018.0900,1025.6900,1017.7300
2026-05-03,1018.0900,1013.9100,1018.0900,1012.4900
2026-05-04,1013.9100,1005.1500,1014.9800,1005.1500
2026-05-05,1005.1500,998.0200,1005.3700,997.5700
2026-05-06,998.0200,988.9300,998.0200,988.2500
2026-05-07,988.9300,989.6500,993.4500,986.2400
2026-05-08,989.6500,973.5500,990.2500,973.5500
2026-05-09,973.5500,967.5900,975.9400,965.2400
2026-05-10,967.5900,946.0000,967.5900,946.0000
2026-05-11,946.0000,922.4100,946.6800,921.8500
2026-05-12,922.4100,924.1000,927.0600,922.3400
2026-05-13,924.1000,920.2800,926.6000,920.0600
2026-05-14,920.2800,899.0900,920.4200,897.4100
2026-05-15,899.0900,905.9800,906.9900,898.1300
2026-05-16,905.9800,910.4900,910.4900,905.8800
2026-05-17,910.4900,922.5700,925.2800,910.4800
2026-05-18,922.5700,920.8200,925.4300,920.1100
2026-05-19,920.8200,919.7200,922.3300,919.7200
2026-05-20,919.7200,916.0700,920.5900,916.0400
2026-05-21,916.0700,905.7600,916.6800,905.6100
2026-05-22,905.7600,858.4800,905.8200,858.4800
2026-05-23,858.4800,864.4700,866.3800,858.2100
2026-05-24,864.4700,850.1900,865.1300,850.0600
2026-05-25,850.1900,802.1200,850.1900,802.1200
2026-05-26,802.1200,776.7700,806.0500,776.4500
2026-05-27,776.7700,819.5200,819.5200,774.3100
2026-05-28,819.5200,851.5700,856.2000,819.5200
2026-05-29,851.5700,849.8200,851.5700,843.1800
2026-05-30,849.8200,863.3100,866.0600,849.8200
2026-05-31,863.3100,854.1900,863.5400,850.8100
2026-06-01,854.1900,859.3700,860.9100,851.9900
2026-06-02,859.3700,873.0500,873.0500,859.3700
2026-06-03,873.0500,899.7000,901.7100,873.0500
2026-06-04,899.7000,908.7900,916.2500,899.7000
2026-06-05,908.7900,937.2200,937.2200,905.7600
2026-06-06,937.2200,958.1100,962.0900,937.2200
2026-06-07,958.1100,954.5600,961.0300,948.8900
2026-06-08,954.5600,970.5700,970.5800,954.5600
2026-06-09,970.5700,978.4600,982.4200,970.5700
2026-06-10,978.4600,956.0400,981.3900,956.0400
2026-06-11,956.0400,938.3100,961.3300,935.2400
2026-06-12,938.3100,943.2500,944.1800,924.0300
2026-06-13,943.2500,932.6500,947.5400,932.6500
2026-06-14,932.6500,931.2900,937.3700,927.5600
2026-06-15,931.2900,934.5400,934.5400,929.7600
2026-06-16,934.5400,946.6200,952.5800,934.5400
2026-06-17,946.6200,944.8800,948.6200,943.1000
2026-06-18,944.8800,929.4800,944.8800,929.4800
2026-06-19,929.4800,914.5700,929.5200,904.0300
2026-06-20,914.5700,917.8200,924.2600,914.5700
2026-06-21,917.8200,917.4000,919.6500,911.6300
2026-06-22,917.4000,935.7900,937.6000,917.2500
2026-06-23,935.7900,942.2000,942.3300,935.0700
2026-06-24,942.2000,955.5600,957.5900,942.1800
2026-06-25,955.5600,954.9000,956.8900,950.3400
2026-06-26,954.9000,951.9400,957.4800,951.4900
2026-06-27,951.9400,949.3200,955.0600,948.7300
2026-06-28,949.3200,961.2300,961.2300,949.3200
2026-06-29,961.2300,955.9600,965.0100,955.3500
2026-06-30,955.9600,941.1500,955.9700,941.1500
2026-07-01,941.1500,932.3400,942.1000,931.8300
2026-07-02,932.3400,934.6900,934.8600,930.0400
2026-07-03,934.6900,938.8200,938.8200,934.1800
2026-07-04,938.8200,936.9300,940.6300,936.7200
2026-07-05,936.9300,930.8200,937.5400,929.3200
2026-07-06,930.8200,926.2900,931.2500,924.4500
2026-07-07,926.2900,920.2500,927.2500,920.2500
2026-07-08,920.2500,918.0100,921.9700,915.4100
2026-07-09,918.0100,929.6700,930.7600,918.0100
2026-07-10,929.6700,924.3900,930.0200,924.3900
2026-07-11,924.3900,927.5600,927.5600,923.5000
2026-07-12,927.5600,922.4500,928.9200,922.4500
2026-07-13,922.4500,914.2600,922.9400,913.7400
2026-07-14,914.2600,905.8500,914.3500,905.6000
2026-07-15,905.8500,912.4900,912.4900,905.1800
2026-07-16,912.4900,909.9400,918.3100,909.8400
2026-07-17,909.9400,903.5600,910.7400,903.0900
2026-07-18,903.5600,908.1100,908.5900,903.5300
2026-07-19,908.1100,906.1000,909.1300,906.1000
2026-07-20,906.1000,898.7400,906.2700,898.7400
2026-07-21,898.7400,894.3800,899.1100,894.3800
2026-07-22,894.3800,899.0100,899.8600,893.9900
2026-07-23,899.0100,900.9500,901.6000,895.9800
2026-07-24,900.9500,902.8800,903.3400,897.9600
2026-07-25,902.8800,904.8200,905.0800,899.9500
2026-07-26,904.8200,899.9800,905.0800,899.9500
2026-07-27,899.9800,896.4900,900.2200,896.4600
2026-07-28,896.4900,897.6900,898.0100,895.9800
2026-07-29,897.6900,893.9900,898.3900,893.9200
2026-07-30,893.9900,887.2500,894.3400,886.0100
2026-07-31,887.2500,880.4600,887.2600,879.4400
2026-08-01,880.4600,883.7300,885.0500,880.1300
2026-08-02,883.7300,875.2700,883.8300,875.2700
2026-08-03,875.2700,866.7700,875.5400,866.7700
2026-08-04,866.7700,859.4800,866.8000,859.2300
2026-08-05,859.4800,860.8000,862.1800,859.4600
2026-08-06,860.8000,864.2900,864.8200,860.7800
2026-08-07,864.2900,871.5600,871.5600,864.2900
2026-08-08,871.5600,868.9500,872.7900,868.3400
2026-08-09,868.9500,868.9500,870.0900,866.7300
2026-08-10,868.9500,862.4000,868.9500,862.3100
2026-08-11,862.4000,858.2500,862.7300,855.5000
2026-08-12,858.2500,853.9700,858.5400,853.9100
2026-08-13,853.9700,848.2300,853.9900,847.9400
2026-08-14,848.2300,846.7000,848.2300,846.1100
2026-08-15,846.7000,841.2100,847.1000,841.1300
2026-08-16,841.2100,832.2900,841.2100,831.9300
2026-08-17,832.2900,825.1600,832.2900,825.1400
2026-08-18,825.1600,823.7800,829.3600,823.7800
2026-08-19,823.7800,816.0200,823.7800,815.8500
2026-08-20,816.0200,814.6900,817.5100,814.2400
2026-08-21,814.6900,812.1200,814.6900,810.5100
2026-08-22,812.1200,831.8300,831.8300,812.1200
2026-08-23,831.8300,836.9200,839.6800,831.8300
2026-08-24,836.9200,833.8000,837.5100,830.1000
2026-08-25,833.8000,824.8600,833.8000,824.2900
2026-08-26,824.8600,824.2800,825.0100,823.2900
2026-08-27,824.2800,832.6800,832.6800,824.2600
2026-08-28,832.6800,838.2100,838.2100,832.6800
2026-08-29,838.2100,842.9600,844.1600,838.2100
2026-08-30,842.9600,849.2300,849.2300,841.5900
2026-08-31,849.2300,855.4600,855.4600,849.2300
2026-09-01,855.4600,852.8000,857.4000,852.8000
2026-09-02,852.8000,853.0200,853.5200,850.4200
2026-09-03,853.0200,851.6100,853.3200,851.2000
2026-09-04,851.6100,844.4500,852.1900,844.4100
2026-09-05,844.4500,837.7300,844.7700,837.3800
2026-09-06,837.7300,837.2300,838.6700,834.7800
2026-09-07,837.2300,835.1100,837.5000,833.6400
2026-09-08,835.1100,834.5900,837.8400,834.5900
2026-09-09,834.5900,829.4400,834.5900,829.3700
2026-09-10,829.4400,826.5600,829.4400,825.1800
2026-09-11,826.5600,830.4600,830.4600,826.1500
2026-09-12,830.4600,829.6700,831.2700,829.6100
2026-09-13,829.6700,825.6800,829.6700,825.6800
2026-09-14,825.6800,819.6300,825.8600,819.3300
2026-09-15,819.6300,817.6000,819.8700,816.8700
2026-09-16,817.6000,817.7500,819.0000,817.0700
2026-09-17,817.7500,810.5500,817.8300,810.4200
2026-09-18,810.5500,804.4300,810.5500,804.2300
2026-09-19,804.4300,803.3600,804.6700,803.0700
2026-09-20,803.3600,804.0200,806.3500,803.3600
2026-09-21,804.0200,796.9100,804.0900,796.6000
2026-09-22,796.9100,791.9700,796.9100,791.3600
2026-09-23,791.9700,795.8500,797.0700,791.8900
2026-09-24,795.8500,794.6700,798.2000,794.6700
2026-09-25,794.6700,795.7500,795.7500,793.7900
2026-09-26,795.7500,796.7600,797.5900,795.7100
2026-09-27,796.7600,796.4100,797.3700,795.7200
2026-09-28,796.4100,793.2600,796.4200,793.2600
2026-09-29,793.2600,789.4700,793.4700,789.2500
2026-09-30,789.4700,784.8100,789.6400,784.5400
2026-10-01,784.8100,780.7400,785.3300,780.5300
2026-10-02,780.7400,777.4800,780.7700,776.9500
2026-10-03,777.4800,779.6900,779.8200,777.3300
2026-10-04,779.6900,774.3600,779.9200,774.3300
2026-10-05,774.3600,766.4600,774.5100,766.2800
2026-10-06,766.4600,760.1500,766.4600,760.1000
2026-10-07,760.1500,752.4000,760.4200,752.3400
2026-10-08,752.4000,750.4200,752.5000,750.4200
